install plugin server_audit soname 'server_audit2';
show variables like 'server_audit%';
Variable_name	Value
server_audit_file_path	server_audit.log
server_audit_file_rotate_now	OFF
server_audit_file_rotate_size	1000000
server_audit_file_rotations	9
server_audit_load_on_error	ON
server_audit_logging	OFF
server_audit_mode	0
server_audit_output_type	file
server_audit_query_log_limit	1024
server_audit_reload_filters	OFF
server_audit_syslog_facility	LOG_USER
server_audit_syslog_ident	mysql-server_auditing
server_audit_syslog_info	
server_audit_syslog_priority	LOG_INFO
set global server_audit_file_path=null;
set global server_audit_file_path='server_audit.log';
set global server_audit_output_type=file;
set global server_audit_logging=on;
SHOW GLOBAL STATUS LIKE "server_audit%";
Variable_name	Value
Server_audit_active	ON
Server_audit_current_log	server_audit.log
Server_audit_last_error	
Server_audit_session_filter	N/A
Server_audit_writes_failed	0
SET @old_general_log= @@global.general_log;
SET @old_slow_query_log= @@global.slow_query_log;
call mtr.add_suppression(" Error reading file './client_test_db/test_frm_bug.frm'");
call mtr.add_suppression(" IP address .* could not be resolved");
ok

# cat MYSQL_TMP_DIR/test_wl4435.out.log
# ------------------------------------

exec_counter: 0
num_fields: 4
  - 0: name: 'a1'/'a1'; table: 't1'/'t1'; db: 'client_test_db'; catalog: 'def'; length: 11; max_length: 0; type: 3; decimals: 0
  - 1: name: 'a2'/'a2'; table: 't1'/'t1'; db: 'client_test_db'; catalog: 'def'; length: 32; max_length: 0; type: 254; decimals: 0
  - 2: name: 'a3'/'a3'; table: 't1'/'t1'; db: 'client_test_db'; catalog: 'def'; length: 4; max_length: 0; type: 5; decimals: 2
  - 3: name: 'a4'/'a4'; table: 't1'/'t1'; db: 'client_test_db'; catalog: 'def'; length: 5; max_length: 0; type: 246; decimals: 1
Data:
  int: 1; str: '11'; dbl: 12.340000; dec: '56.7';
  int: 2; str: '12'; dbl: 56.780000; dec: '90.1';
  int: 3; str: '13'; dbl: 23.450000; dec: '67.8';
EOF
mysql_stmt_next_result(): 0; field_count: 5
num_fields: 5
  - 0: name: 'b0'/'b0'; table: 't2'/'t2'; db: 'client_test_db'; catalog: 'def'; length: 11; max_length: 0; type: 3; decimals: 0
  - 1: name: 'b1'/'b1'; table: 't2'/'t2'; db: 'client_test_db'; catalog: 'def'; length: 11; max_length: 0; type: 3; decimals: 0
  - 2: name: 'b2'/'b2'; table: 't2'/'t2'; db: 'client_test_db'; catalog: 'def'; length: 32; max_length: 0; type: 254; decimals: 0
  - 3: name: 'b3'/'b3'; table: 't2'/'t2'; db: 'client_test_db'; catalog: 'def'; length: 4; max_length: 0; type: 5; decimals: 2
  - 4: name: 'b4'/'b4'; table: 't2'/'t2'; db: 'client_test_db'; catalog: 'def'; length: 5; max_length: 0; type: 246; decimals: 1
Data:
  int: 100; int: 10; str: '110'; dbl: 70.700000; dec: '10.1';
  int: 200; int: 20; str: '120'; dbl: 80.800000; dec: '20.2';
  int: 300; int: 30; str: '130'; dbl: 90.900000; dec: '30.3';
EOF
mysql_stmt_next_result(): 0; field_count: 8
num_fields: 8
  - 0: name: 'v_str_1'/'v_str_1'; table: 'p1'/'p1'; db: 'client_test_db'; catalog: 'def'; length: 32; max_length: 0; type: 254; decimals: 0
  - 1: name: 'v_dbl_1'/'v_dbl_1'; table: 'p1'/'p1'; db: 'client_test_db'; catalog: 'def'; length: 4; max_length: 0; type: 5; decimals: 2
  - 2: name: 'v_dec_1'/'v_dec_1'; table: 'p1'/'p1'; db: 'client_test_db'; catalog: 'def'; length: 8; max_length: 0; type: 246; decimals: 3
  - 3: name: 'v_int_1'/'v_int_1'; table: 'p1'/'p1'; db: 'client_test_db'; catalog: 'def'; length: 11; max_length: 0; type: 3; decimals: 0
  - 4: name: 'v_str_2'/'v_str_2'; table: 'p1'/'p1'; db: 'client_test_db'; catalog: 'def'; length: 64; max_length: 0; type: 254; decimals: 0
  - 5: name: 'v_dbl_2'/'v_dbl_2'; table: 'p1'/'p1'; db: 'client_test_db'; catalog: 'def'; length: 5; max_length: 0; type: 5; decimals: 3
  - 6: name: 'v_dec_2'/'v_dec_2'; table: 'p1'/'p1'; db: 'client_test_db'; catalog: 'def'; length: 9; max_length: 0; type: 246; decimals: 4
  - 7: name: 'v_int_2'/'v_int_2'; table: 'p1'/'p1'; db: 'client_test_db'; catalog: 'def'; length: 11; max_length: 0; type: 3; decimals: 0
Data:
  str: 'test_1'; dbl: 12.340000; dec: '567.891'; int: 2345; str: 'test_2'; dbl: 67.891000; dec: '234.6789'; int: 6789;
EOF
mysql_stmt_next_result(): 0; field_count: 0

exec_counter: 1
num_fields: 4
  - 0: name: 'a1'/'a1'; table: 't1'/'t1'; db: 'client_test_db'; catalog: 'def'; length: 11; max_length: 0; type: 3; decimals: 0
  - 1: name: 'a2'/'a2'; table: 't1'/'t1'; db: 'client_test_db'; catalog: 'def'; length: 32; max_length: 0; type: 254; decimals: 0
  - 2: name: 'a3'/'a3'; table: 't1'/'t1'; db: 'client_test_db'; catalog: 'def'; length: 4; max_length: 0; type: 5; decimals: 2
  - 3: name: 'a4'/'a4'; table: 't1'/'t1'; db: 'client_test_db'; catalog: 'def'; length: 5; max_length: 0; type: 246; decimals: 1
Data:
  int: 1; str: '11'; dbl: 12.340000; dec: '56.7';
  int: 2; str: '12'; dbl: 56.780000; dec: '90.1';
  int: 3; str: '13'; dbl: 23.450000; dec: '67.8';
EOF
mysql_stmt_next_result(): 0; field_count: 5
num_fields: 5
  - 0: name: 'b0'/'b0'; table: 't2'/'t2'; db: 'client_test_db'; catalog: 'def'; length: 11; max_length: 0; type: 3; decimals: 0
  - 1: name: 'b1'/'b1'; table: 't2'/'t2'; db: 'client_test_db'; catalog: 'def'; length: 11; max_length: 0; type: 3; decimals: 0
  - 2: name: 'b2'/'b2'; table: 't2'/'t2'; db: 'client_test_db'; catalog: 'def'; length: 32; max_length: 0; type: 254; decimals: 0
  - 3: name: 'b3'/'b3'; table: 't2'/'t2'; db: 'client_test_db'; catalog: 'def'; length: 4; max_length: 0; type: 5; decimals: 2
  - 4: name: 'b4'/'b4'; table: 't2'/'t2'; db: 'client_test_db'; catalog: 'def'; length: 5; max_length: 0; type: 246; decimals: 1
Data:
  int: 100; int: 10; str: '110'; dbl: 70.700000; dec: '10.1';
  int: 200; int: 20; str: '120'; dbl: 80.800000; dec: '20.2';
  int: 300; int: 30; str: '130'; dbl: 90.900000; dec: '30.3';
EOF
mysql_stmt_next_result(): 0; field_count: 8
num_fields: 8
  - 0: name: 'v_str_1'/'v_str_1'; table: 'p1'/'p1'; db: 'client_test_db'; catalog: 'def'; length: 32; max_length: 0; type: 254; decimals: 0
  - 1: name: 'v_dbl_1'/'v_dbl_1'; table: 'p1'/'p1'; db: 'client_test_db'; catalog: 'def'; length: 4; max_length: 0; type: 5; decimals: 2
  - 2: name: 'v_dec_1'/'v_dec_1'; table: 'p1'/'p1'; db: 'client_test_db'; catalog: 'def'; length: 8; max_length: 0; type: 246; decimals: 3
  - 3: name: 'v_int_1'/'v_int_1'; table: 'p1'/'p1'; db: 'client_test_db'; catalog: 'def'; length: 11; max_length: 0; type: 3; decimals: 0
  - 4: name: 'v_str_2'/'v_str_2'; table: 'p1'/'p1'; db: 'client_test_db'; catalog: 'def'; length: 64; max_length: 0; type: 254; decimals: 0
  - 5: name: 'v_dbl_2'/'v_dbl_2'; table: 'p1'/'p1'; db: 'client_test_db'; catalog: 'def'; length: 5; max_length: 0; type: 5; decimals: 3
  - 6: name: 'v_dec_2'/'v_dec_2'; table: 'p1'/'p1'; db: 'client_test_db'; catalog: 'def'; length: 9; max_length: 0; type: 246; decimals: 4
  - 7: name: 'v_int_2'/'v_int_2'; table: 'p1'/'p1'; db: 'client_test_db'; catalog: 'def'; length: 11; max_length: 0; type: 3; decimals: 0
Data:
  str: 'test_1'; dbl: 12.340000; dec: '567.891'; int: 2345; str: 'test_2'; dbl: 67.891000; dec: '234.6789'; int: 6789;
EOF
mysql_stmt_next_result(): 0; field_count: 0

exec_counter: 2
num_fields: 4
  - 0: name: 'a1'/'a1'; table: 't1'/'t1'; db: 'client_test_db'; catalog: 'def'; length: 11; max_length: 0; type: 3; decimals: 0
  - 1: name: 'a2'/'a2'; table: 't1'/'t1'; db: 'client_test_db'; catalog: 'def'; length: 32; max_length: 0; type: 254; decimals: 0
  - 2: name: 'a3'/'a3'; table: 't1'/'t1'; db: 'client_test_db'; catalog: 'def'; length: 4; max_length: 0; type: 5; decimals: 2
  - 3: name: 'a4'/'a4'; table: 't1'/'t1'; db: 'client_test_db'; catalog: 'def'; length: 5; max_length: 0; type: 246; decimals: 1
Data:
  int: 1; str: '11'; dbl: 12.340000; dec: '56.7';
  int: 2; str: '12'; dbl: 56.780000; dec: '90.1';
  int: 3; str: '13'; dbl: 23.450000; dec: '67.8';
EOF
mysql_stmt_next_result(): 0; field_count: 5
num_fields: 5
  - 0: name: 'b0'/'b0'; table: 't2'/'t2'; db: 'client_test_db'; catalog: 'def'; length: 11; max_length: 0; type: 3; decimals: 0
  - 1: name: 'b1'/'b1'; table: 't2'/'t2'; db: 'client_test_db'; catalog: 'def'; length: 11; max_length: 0; type: 3; decimals: 0
  - 2: name: 'b2'/'b2'; table: 't2'/'t2'; db: 'client_test_db'; catalog: 'def'; length: 32; max_length: 0; type: 254; decimals: 0
  - 3: name: 'b3'/'b3'; table: 't2'/'t2'; db: 'client_test_db'; catalog: 'def'; length: 4; max_length: 0; type: 5; decimals: 2
  - 4: name: 'b4'/'b4'; table: 't2'/'t2'; db: 'client_test_db'; catalog: 'def'; length: 5; max_length: 0; type: 246; decimals: 1
Data:
  int: 100; int: 10; str: '110'; dbl: 70.700000; dec: '10.1';
  int: 200; int: 20; str: '120'; dbl: 80.800000; dec: '20.2';
  int: 300; int: 30; str: '130'; dbl: 90.900000; dec: '30.3';
EOF
mysql_stmt_next_result(): 0; field_count: 8
num_fields: 8
  - 0: name: 'v_str_1'/'v_str_1'; table: 'p1'/'p1'; db: 'client_test_db'; catalog: 'def'; length: 32; max_length: 0; type: 254; decimals: 0
  - 1: name: 'v_dbl_1'/'v_dbl_1'; table: 'p1'/'p1'; db: 'client_test_db'; catalog: 'def'; length: 4; max_length: 0; type: 5; decimals: 2
  - 2: name: 'v_dec_1'/'v_dec_1'; table: 'p1'/'p1'; db: 'client_test_db'; catalog: 'def'; length: 8; max_length: 0; type: 246; decimals: 3
  - 3: name: 'v_int_1'/'v_int_1'; table: 'p1'/'p1'; db: 'client_test_db'; catalog: 'def'; length: 11; max_length: 0; type: 3; decimals: 0
  - 4: name: 'v_str_2'/'v_str_2'; table: 'p1'/'p1'; db: 'client_test_db'; catalog: 'def'; length: 64; max_length: 0; type: 254; decimals: 0
  - 5: name: 'v_dbl_2'/'v_dbl_2'; table: 'p1'/'p1'; db: 'client_test_db'; catalog: 'def'; length: 5; max_length: 0; type: 5; decimals: 3
  - 6: name: 'v_dec_2'/'v_dec_2'; table: 'p1'/'p1'; db: 'client_test_db'; catalog: 'def'; length: 9; max_length: 0; type: 246; decimals: 4
  - 7: name: 'v_int_2'/'v_int_2'; table: 'p1'/'p1'; db: 'client_test_db'; catalog: 'def'; length: 11; max_length: 0; type: 3; decimals: 0
Data:
  str: 'test_1'; dbl: 12.340000; dec: '567.891'; int: 2345; str: 'test_2'; dbl: 67.891000; dec: '234.6789'; int: 6789;
EOF
mysql_stmt_next_result(): 0; field_count: 0
# ------------------------------------


# cat MYSQL_TMP_DIR/test_explain_meta.out.log
# ------------------------------------
SELECT number of fields: 1
EXPALIN number of fields: 10
  - 0: name: 'id'/''; table: ''/''; db: ''; catalog: 'def'; length: 3; max_length: 0; type: 8; decimals: 0
  - 1: name: 'select_type'/''; table: ''/''; db: ''; catalog: 'def'; length: 57; max_length: 0; type: 253; decimals: 39
  - 2: name: 'table'/''; table: ''/''; db: ''; catalog: 'def'; length: 192; max_length: 0; type: 253; decimals: 39
  - 3: name: 'type'/''; table: ''/''; db: ''; catalog: 'def'; length: 30; max_length: 0; type: 253; decimals: 39
  - 4: name: 'possible_keys'/''; table: ''/''; db: ''; catalog: 'def'; length: 12288; max_length: 0; type: 253; decimals: 39
  - 5: name: 'key'/''; table: ''/''; db: ''; catalog: 'def'; length: 192; max_length: 0; type: 253; decimals: 39
  - 6: name: 'key_len'/''; table: ''/''; db: ''; catalog: 'def'; length: 12288; max_length: 0; type: 253; decimals: 39
  - 7: name: 'ref'/''; table: ''/''; db: ''; catalog: 'def'; length: 6144; max_length: 0; type: 253; decimals: 39
  - 8: name: 'rows'/''; table: ''/''; db: ''; catalog: 'def'; length: 192; max_length: 0; type: 253; decimals: 39
  - 9: name: 'Extra'/''; table: ''/''; db: ''; catalog: 'def'; length: 765; max_length: 0; type: 253; decimals: 39
EXPALIN JSON number of fields: 1
  - 0: name: 'EXPLAIN'/''; table: ''/''; db: ''; catalog: 'def'; length: 234; max_length: 0; type: 253; decimals: 39
ANALYZE number of fields: 13
  - 0: name: 'id'/''; table: ''/''; db: ''; catalog: 'def'; length: 3; max_length: 0; type: 8; decimals: 0
  - 1: name: 'select_type'/''; table: ''/''; db: ''; catalog: 'def'; length: 57; max_length: 0; type: 253; decimals: 39
  - 2: name: 'table'/''; table: ''/''; db: ''; catalog: 'def'; length: 192; max_length: 0; type: 253; decimals: 39
  - 3: name: 'type'/''; table: ''/''; db: ''; catalog: 'def'; length: 30; max_length: 0; type: 253; decimals: 39
  - 4: name: 'possible_keys'/''; table: ''/''; db: ''; catalog: 'def'; length: 12288; max_length: 0; type: 253; decimals: 39
  - 5: name: 'key'/''; table: ''/''; db: ''; catalog: 'def'; length: 192; max_length: 0; type: 253; decimals: 39
  - 6: name: 'key_len'/''; table: ''/''; db: ''; catalog: 'def'; length: 12288; max_length: 0; type: 253; decimals: 39
  - 7: name: 'ref'/''; table: ''/''; db: ''; catalog: 'def'; length: 6144; max_length: 0; type: 253; decimals: 39
  - 8: name: 'rows'/''; table: ''/''; db: ''; catalog: 'def'; length: 192; max_length: 0; type: 253; decimals: 39
  - 9: name: 'r_rows'/''; table: ''/''; db: ''; catalog: 'def'; length: 192; max_length: 0; type: 253; decimals: 39
  - 10: name: 'filtered'/''; table: ''/''; db: ''; catalog: 'def'; length: 4; max_length: 0; type: 5; decimals: 2
  - 11: name: 'r_filtered'/''; table: ''/''; db: ''; catalog: 'def'; length: 4; max_length: 0; type: 5; decimals: 2
  - 12: name: 'Extra'/''; table: ''/''; db: ''; catalog: 'def'; length: 765; max_length: 0; type: 253; decimals: 39
ANALYZE JSON number of fields: 1
  - 0: name: 'ANALYZE'/''; table: ''/''; db: ''; catalog: 'def'; length: 234; max_length: 0; type: 253; decimals: 39
EXPALIN INSERT number of fields: 10
  - 0: name: 'id'/''; table: ''/''; db: ''; catalog: 'def'; length: 3; max_length: 0; type: 8; decimals: 0
  - 1: name: 'select_type'/''; table: ''/''; db: ''; catalog: 'def'; length: 57; max_length: 0; type: 253; decimals: 39
  - 2: name: 'table'/''; table: ''/''; db: ''; catalog: 'def'; length: 192; max_length: 0; type: 253; decimals: 39
  - 3: name: 'type'/''; table: ''/''; db: ''; catalog: 'def'; length: 30; max_length: 0; type: 253; decimals: 39
  - 4: name: 'possible_keys'/''; table: ''/''; db: ''; catalog: 'def'; length: 12288; max_length: 0; type: 253; decimals: 39
  - 5: name: 'key'/''; table: ''/''; db: ''; catalog: 'def'; length: 192; max_length: 0; type: 253; decimals: 39
  - 6: name: 'key_len'/''; table: ''/''; db: ''; catalog: 'def'; length: 12288; max_length: 0; type: 253; decimals: 39
  - 7: name: 'ref'/''; table: ''/''; db: ''; catalog: 'def'; length: 6144; max_length: 0; type: 253; decimals: 39
  - 8: name: 'rows'/''; table: ''/''; db: ''; catalog: 'def'; length: 192; max_length: 0; type: 253; decimals: 39
  - 9: name: 'Extra'/''; table: ''/''; db: ''; catalog: 'def'; length: 765; max_length: 0; type: 253; decimals: 39
EXPALIN JSON INSERT number of fields: 1
  - 0: name: 'EXPLAIN'/''; table: ''/''; db: ''; catalog: 'def'; length: 234; max_length: 0; type: 253; decimals: 39
ANALYZE INSERT number of fields: 13
  - 0: name: 'id'/''; table: ''/''; db: ''; catalog: 'def'; length: 3; max_length: 0; type: 8; decimals: 0
  - 1: name: 'select_type'/''; table: ''/''; db: ''; catalog: 'def'; length: 57; max_length: 0; type: 253; decimals: 39
  - 2: name: 'table'/''; table: ''/''; db: ''; catalog: 'def'; length: 192; max_length: 0; type: 253; decimals: 39
  - 3: name: 'type'/''; table: ''/''; db: ''; catalog: 'def'; length: 30; max_length: 0; type: 253; decimals: 39
  - 4: name: 'possible_keys'/''; table: ''/''; db: ''; catalog: 'def'; length: 12288; max_length: 0; type: 253; decimals: 39
  - 5: name: 'key'/''; table: ''/''; db: ''; catalog: 'def'; length: 192; max_length: 0; type: 253; decimals: 39
  - 6: name: 'key_len'/''; table: ''/''; db: ''; catalog: 'def'; length: 12288; max_length: 0; type: 253; decimals: 39
  - 7: name: 'ref'/''; table: ''/''; db: ''; catalog: 'def'; length: 6144; max_length: 0; type: 253; decimals: 39
  - 8: name: 'rows'/''; table: ''/''; db: ''; catalog: 'def'; length: 192; max_length: 0; type: 253; decimals: 39
  - 9: name: 'r_rows'/''; table: ''/''; db: ''; catalog: 'def'; length: 192; max_length: 0; type: 253; decimals: 39
  - 10: name: 'filtered'/''; table: ''/''; db: ''; catalog: 'def'; length: 4; max_length: 0; type: 5; decimals: 2
  - 11: name: 'r_filtered'/''; table: ''/''; db: ''; catalog: 'def'; length: 4; max_length: 0; type: 5; decimals: 2
  - 12: name: 'Extra'/''; table: ''/''; db: ''; catalog: 'def'; length: 765; max_length: 0; type: 253; decimals: 39
ANALYZE JSON INSERT number of fields: 1
  - 0: name: 'ANALYZE'/''; table: ''/''; db: ''; catalog: 'def'; length: 234; max_length: 0; type: 253; decimals: 39
EXPALIN UPDATE number of fields: 10
  - 0: name: 'id'/''; table: ''/''; db: ''; catalog: 'def'; length: 3; max_length: 0; type: 8; decimals: 0
  - 1: name: 'select_type'/''; table: ''/''; db: ''; catalog: 'def'; length: 57; max_length: 0; type: 253; decimals: 39
  - 2: name: 'table'/''; table: ''/''; db: ''; catalog: 'def'; length: 192; max_length: 0; type: 253; decimals: 39
  - 3: name: 'type'/''; table: ''/''; db: ''; catalog: 'def'; length: 30; max_length: 0; type: 253; decimals: 39
  - 4: name: 'possible_keys'/''; table: ''/''; db: ''; catalog: 'def'; length: 12288; max_length: 0; type: 253; decimals: 39
  - 5: name: 'key'/''; table: ''/''; db: ''; catalog: 'def'; length: 192; max_length: 0; type: 253; decimals: 39
  - 6: name: 'key_len'/''; table: ''/''; db: ''; catalog: 'def'; length: 12288; max_length: 0; type: 253; decimals: 39
  - 7: name: 'ref'/''; table: ''/''; db: ''; catalog: 'def'; length: 6144; max_length: 0; type: 253; decimals: 39
  - 8: name: 'rows'/''; table: ''/''; db: ''; catalog: 'def'; length: 192; max_length: 0; type: 253; decimals: 39
  - 9: name: 'Extra'/''; table: ''/''; db: ''; catalog: 'def'; length: 765; max_length: 0; type: 253; decimals: 39
EXPALIN JSON UPDATE number of fields: 1
  - 0: name: 'EXPLAIN'/''; table: ''/''; db: ''; catalog: 'def'; length: 234; max_length: 0; type: 253; decimals: 39
ANALYZE UPDATE number of fields: 13
  - 0: name: 'id'/''; table: ''/''; db: ''; catalog: 'def'; length: 3; max_length: 0; type: 8; decimals: 0
  - 1: name: 'select_type'/''; table: ''/''; db: ''; catalog: 'def'; length: 57; max_length: 0; type: 253; decimals: 39
  - 2: name: 'table'/''; table: ''/''; db: ''; catalog: 'def'; length: 192; max_length: 0; type: 253; decimals: 39
  - 3: name: 'type'/''; table: ''/''; db: ''; catalog: 'def'; length: 30; max_length: 0; type: 253; decimals: 39
  - 4: name: 'possible_keys'/''; table: ''/''; db: ''; catalog: 'def'; length: 12288; max_length: 0; type: 253; decimals: 39
  - 5: name: 'key'/''; table: ''/''; db: ''; catalog: 'def'; length: 192; max_length: 0; type: 253; decimals: 39
  - 6: name: 'key_len'/''; table: ''/''; db: ''; catalog: 'def'; length: 12288; max_length: 0; type: 253; decimals: 39
  - 7: name: 'ref'/''; table: ''/''; db: ''; catalog: 'def'; length: 6144; max_length: 0; type: 253; decimals: 39
  - 8: name: 'rows'/''; table: ''/''; db: ''; catalog: 'def'; length: 192; max_length: 0; type: 253; decimals: 39
  - 9: name: 'r_rows'/''; table: ''/''; db: ''; catalog: 'def'; length: 192; max_length: 0; type: 253; decimals: 39
  - 10: name: 'filtered'/''; table: ''/''; db: ''; catalog: 'def'; length: 4; max_length: 0; type: 5; decimals: 2
  - 11: name: 'r_filtered'/''; table: ''/''; db: ''; catalog: 'def'; length: 4; max_length: 0; type: 5; decimals: 2
  - 12: name: 'Extra'/''; table: ''/''; db: ''; catalog: 'def'; length: 765; max_length: 0; type: 253; decimals: 39
ANALYZE JSON UPDATE number of fields: 1
  - 0: name: 'ANALYZE'/''; table: ''/''; db: ''; catalog: 'def'; length: 234; max_length: 0; type: 253; decimals: 39
EXPALIN DELETE number of fields: 10
  - 0: name: 'id'/''; table: ''/''; db: ''; catalog: 'def'; length: 3; max_length: 0; type: 8; decimals: 0
  - 1: name: 'select_type'/''; table: ''/''; db: ''; catalog: 'def'; length: 57; max_length: 0; type: 253; decimals: 39
  - 2: name: 'table'/''; table: ''/''; db: ''; catalog: 'def'; length: 192; max_length: 0; type: 253; decimals: 39
  - 3: name: 'type'/''; table: ''/''; db: ''; catalog: 'def'; length: 30; max_length: 0; type: 253; decimals: 39
  - 4: name: 'possible_keys'/''; table: ''/''; db: ''; catalog: 'def'; length: 12288; max_length: 0; type: 253; decimals: 39
  - 5: name: 'key'/''; table: ''/''; db: ''; catalog: 'def'; length: 192; max_length: 0; type: 253; decimals: 39
  - 6: name: 'key_len'/''; table: ''/''; db: ''; catalog: 'def'; length: 12288; max_length: 0; type: 253; decimals: 39
  - 7: name: 'ref'/''; table: ''/''; db: ''; catalog: 'def'; length: 6144; max_length: 0; type: 253; decimals: 39
  - 8: name: 'rows'/''; table: ''/''; db: ''; catalog: 'def'; length: 192; max_length: 0; type: 253; decimals: 39
  - 9: name: 'Extra'/''; table: ''/''; db: ''; catalog: 'def'; length: 765; max_length: 0; type: 253; decimals: 39
EXPALIN JSON DELETE number of fields: 1
  - 0: name: 'EXPLAIN'/''; table: ''/''; db: ''; catalog: 'def'; length: 234; max_length: 0; type: 253; decimals: 39
ANALYZE DELETE number of fields: 13
  - 0: name: 'id'/''; table: ''/''; db: ''; catalog: 'def'; length: 3; max_length: 0; type: 8; decimals: 0
  - 1: name: 'select_type'/''; table: ''/''; db: ''; catalog: 'def'; length: 57; max_length: 0; type: 253; decimals: 39
  - 2: name: 'table'/''; table: ''/''; db: ''; catalog: 'def'; length: 192; max_length: 0; type: 253; decimals: 39
  - 3: name: 'type'/''; table: ''/''; db: ''; catalog: 'def'; length: 30; max_length: 0; type: 253; decimals: 39
  - 4: name: 'possible_keys'/''; table: ''/''; db: ''; catalog: 'def'; length: 12288; max_length: 0; type: 253; decimals: 39
  - 5: name: 'key'/''; table: ''/''; db: ''; catalog: 'def'; length: 192; max_length: 0; type: 253; decimals: 39
  - 6: name: 'key_len'/''; table: ''/''; db: ''; catalog: 'def'; length: 12288; max_length: 0; type: 253; decimals: 39
  - 7: name: 'ref'/''; table: ''/''; db: ''; catalog: 'def'; length: 6144; max_length: 0; type: 253; decimals: 39
  - 8: name: 'rows'/''; table: ''/''; db: ''; catalog: 'def'; length: 192; max_length: 0; type: 253; decimals: 39
  - 9: name: 'r_rows'/''; table: ''/''; db: ''; catalog: 'def'; length: 192; max_length: 0; type: 253; decimals: 39
  - 10: name: 'filtered'/''; table: ''/''; db: ''; catalog: 'def'; length: 4; max_length: 0; type: 5; decimals: 2
  - 11: name: 'r_filtered'/''; table: ''/''; db: ''; catalog: 'def'; length: 4; max_length: 0; type: 5; decimals: 2
  - 12: name: 'Extra'/''; table: ''/''; db: ''; catalog: 'def'; length: 765; max_length: 0; type: 253; decimals: 39
ANALYZE JSON DELETE number of fields: 1
  - 0: name: 'ANALYZE'/''; table: ''/''; db: ''; catalog: 'def'; length: 234; max_length: 0; type: 253; decimals: 39
# ------------------------------------

SET @@global.general_log= @old_general_log;
SET @@global.slow_query_log= @old_slow_query_log;
uninstall plugin server_audit;
Warnings:
Warning	1620	Plugin is busy and will be uninstalled on shutdown
TIME,HOSTNAME,root,localhost,ID,ID,QUERY,client_test_db,'INSERT INTO t1 VALUES (1), (2)',ID
TIME,HOSTNAME,root,localhost,ID,ID,WRITE,client_test_db,t1,
TIME,HOSTNAME,root,localhost,ID,ID,QUERY,client_test_db,'UPDATE t1 SET i= 4 WHERE i = 3',0
TIME,HOSTNAME,root,localhost,ID,ID,WRITE,client_test_db,t1,
TIME,HOSTNAME,root,localhost,ID,ID,QUERY,client_test_db,'DELETE FROM t1',0
TIME,HOSTNAME,root,localhost,ID,ID,WRITE,client_test_db,t1,
TIME,HOSTNAME,root,localhost,ID,ID,QUERY,client_test_db,'INSERT INTO t1 VALUES (1), (2)',0
TIME,HOSTNAME,root,localhost,ID,ID,WRITE,client_test_db,t1,
TIME,HOSTNAME,root,localhost,ID,ID,QUERY,client_test_db,'INSERT INTO t1 VALUES (1), (2)',ID
TIME,HOSTNAME,root,localhost,ID,ID,WRITE,client_test_db,t1,
TIME,HOSTNAME,root,localhost,ID,ID,QUERY,client_test_db,'UPDATE t1 SET i= 4 WHERE i = 3',0
TIME,HOSTNAME,root,localhost,ID,ID,WRITE,mysql,table_stats,
TIME,HOSTNAME,root,localhost,ID,ID,WRITE,mysql,column_stats,
TIME,HOSTNAME,root,localhost,ID,ID,WRITE,mysql,index_stats,
TIME,HOSTNAME,root,localhost,ID,ID,DROP,client_test_db,t1,
TIME,HOSTNAME,root,localhost,ID,ID,QUERY,client_test_db,'DROP TABLE t1',0
TIME,HOSTNAME,root,localhost,ID,ID,WRITE,mysql,table_stats,
TIME,HOSTNAME,root,localhost,ID,ID,WRITE,mysql,column_stats,
TIME,HOSTNAME,root,localhost,ID,ID,WRITE,mysql,index_stats,
TIME,HOSTNAME,root,localhost,ID,ID,DROP,client_test_db,t1,
TIME,HOSTNAME,root,localhost,ID,ID,QUERY,client_test_db,'DROP TABLE IF EXISTS t1',0
TIME,HOSTNAME,root,localhost,ID,ID,CREATE,client_test_db,t1,
TIME,HOSTNAME,root,localhost,ID,ID,QUERY,client_test_db,'CREATE  TABLE t1 (a INTEGER)',0
TIME,HOSTNAME,root,localhost,ID,ID,WRITE,client_test_db,t1,
TIME,HOSTNAME,root,localhost,ID,ID,READ,mysql,table_stats,
TIME,HOSTNAME,root,localhost,ID,ID,READ,mysql,column_stats,
TIME,HOSTNAME,root,localhost,ID,ID,READ,mysql,index_stats,
TIME,HOSTNAME,root,localhost,ID,ID,QUERY,client_test_db,'INSERT INTO t1 VALUES (1)',0
TIME,HOSTNAME,root,localhost,ID,ID,READ,client_test_db,t1,
TIME,HOSTNAME,root,localhost,ID,ID,QUERY,client_test_db,'CREATE VIEW v1 AS SELECT * FROM t1',0
TIME,HOSTNAME,root,localhost,ID,ID,READ,client_test_db,t1,
TIME,HOSTNAME,root,localhost,ID,ID,QUERY,client_test_db,'SELECT * FROM t1',0
TIME,HOSTNAME,root,localhost,ID,ID,READ,client_test_db,t1,
TIME,HOSTNAME,root,localhost,ID,ID,QUERY,client_test_db,'SELECT a \'\' FROM t1 ``',0
TIME,HOSTNAME,root,localhost,ID,ID,READ,client_test_db,t1,
TIME,HOSTNAME,root,localhost,ID,ID,QUERY,client_test_db,'SELECT a \'\' FROM t1 ``',0
TIME,HOSTNAME,root,localhost,ID,ID,READ,client_test_db,t1,
TIME,HOSTNAME,root,localhost,ID,ID,QUERY,client_test_db,'SELECT * FROM v1',0
TIME,HOSTNAME,root,localhost,ID,ID,READ,client_test_db,t1,
TIME,HOSTNAME,root,localhost,ID,ID,QUERY,client_test_db,'SELECT * FROM v1 /* SIC */ GROUP BY 1',0
TIME,HOSTNAME,root,localhost,ID,ID,QUERY,client_test_db,'DROP VIEW v1',0
TIME,HOSTNAME,root,localhost,ID,ID,WRITE,mysql,table_stats,
TIME,HOSTNAME,root,localhost,ID,ID,WRITE,mysql,column_stats,
TIME,HOSTNAME,root,localhost,ID,ID,WRITE,mysql,index_stats,
TIME,HOSTNAME,root,localhost,ID,ID,DROP,client_test_db,t1,
TIME,HOSTNAME,root,localhost,ID,ID,QUERY,client_test_db,'DROP TABLE t1',0
TIME,HOSTNAME,root,localhost,ID,ID,WRITE,mysql,table_stats,
TIME,HOSTNAME,root,localhost,ID,ID,WRITE,mysql,column_stats,
TIME,HOSTNAME,root,localhost,ID,ID,WRITE,mysql,index_stats,
TIME,HOSTNAME,root,localhost,ID,ID,DROP,client_test_db,t1,
TIME,HOSTNAME,root,localhost,ID,ID,QUERY,client_test_db,'DROP TABLE IF EXISTS t1',0
TIME,HOSTNAME,root,localhost,ID,ID,CREATE,client_test_db,t1,
TIME,HOSTNAME,root,localhost,ID,ID,QUERY,client_test_db,'CREATE TABLE t1 (i INT)',0
TIME,HOSTNAME,root,localhost,ID,ID,WRITE,client_test_db,t1,
TIME,HOSTNAME,root,localhost,ID,ID,READ,mysql,table_stats,
TIME,HOSTNAME,root,localhost,ID,ID,READ,mysql,column_stats,
TIME,HOSTNAME,root,localhost,ID,ID,READ,mysql,index_stats,
TIME,HOSTNAME,root,localhost,ID,ID,QUERY,client_test_db,'INSERT INTO t1 VALUES (1)',0
TIME,HOSTNAME,root,localhost,ID,ID,READ,client_test_db,t1,
TIME,HOSTNAME,root,localhost,ID,ID,QUERY,client_test_db,'SELECT MIN(i), MIN(i) AS A1, MAX(i), MAX(i) AS A2, COUNT(i), COUNT(i) AS A3 FROM t1 GROUP BY i',0
TIME,HOSTNAME,root,localhost,ID,ID,WRITE,client_test_db,t1,
TIME,HOSTNAME,root,localhost,ID,ID,QUERY,client_test_db,'INSERT INTO t1 VALUES (1)',0
TIME,HOSTNAME,root,localhost,ID,ID,READ,client_test_db,t1,
TIME,HOSTNAME,root,localhost,ID,ID,QUERY,client_test_db,'SELECT MIN(i), MIN(i) AS A1, MAX(i), MAX(i) AS A2, COUNT(i), COUNT(i) AS A3 FROM t1 GROUP BY i',0
TIME,HOSTNAME,root,localhost,ID,ID,WRITE,mysql,table_stats,
TIME,HOSTNAME,root,localhost,ID,ID,WRITE,mysql,column_stats,
TIME,HOSTNAME,root,localhost,ID,ID,WRITE,mysql,index_stats,
TIME,HOSTNAME,root,localhost,ID,ID,DROP,client_test_db,t1,
TIME,HOSTNAME,root,localhost,ID,ID,QUERY,client_test_db,'DROP TABLE t1',0
TIME,HOSTNAME,root,localhost,ID,ID,QUERY,client_test_db,'select 1 into @a',ID
TIME,HOSTNAME,root,localhost,ID,ID,QUERY,client_test_db,'SHOW VARIABLES LIKE \'have_query_cache\'',0
TIME,HOSTNAME,root,localhost,ID,ID,QUERY,client_test_db,'SET NAMES utf8',0
TIME,HOSTNAME,root,localhost,ID,ID,WRITE,mysql,table_stats,
TIME,HOSTNAME,root,localhost,ID,ID,WRITE,mysql,column_stats,
TIME,HOSTNAME,root,localhost,ID,ID,WRITE,mysql,index_stats,
TIME,HOSTNAME,root,localhost,ID,ID,DROP,client_test_db,t1,
TIME,HOSTNAME,root,localhost,ID,ID,QUERY,client_test_db,'drop table if exists t1',0
TIME,HOSTNAME,root,localhost,ID,ID,CREATE,client_test_db,t1,
TIME,HOSTNAME,root,localhost,ID,ID,QUERY,client_test_db,'create table t1 (id1 int(11) NOT NULL default \'0\', value2 varchar(100), value1 varchar(100))',0
TIME,HOSTNAME,root,localhost,ID,ID,WRITE,client_test_db,t1,
TIME,HOSTNAME,root,localhost,ID,ID,READ,mysql,table_stats,
TIME,HOSTNAME,root,localhost,ID,ID,READ,mysql,column_stats,
TIME,HOSTNAME,root,localhost,ID,ID,READ,mysql,index_stats,
TIME,HOSTNAME,root,localhost,ID,ID,QUERY,client_test_db,'insert into t1 values (1, \'hh\', \'hh\'), (2, \'hh\', \'hh\'), (1, \'ii\', \'ii\'), (2, \'ii\', \'ii\')',0
TIME,HOSTNAME,root,localhost,ID,ID,QUERY,client_test_db,'set @save_query_cache_type=@@global.query_cache_type,@save_query_cache_size=@@global.query_cache_size',0
TIME,HOSTNAME,root,localhost,ID,ID,QUERY,client_test_db,'set global query_cache_type=ON',0
TIME,HOSTNAME,root,localhost,ID,ID,QUERY,client_test_db,'set local query_cache_type=ON',0
TIME,HOSTNAME,root,localhost,ID,ID,QUERY,client_test_db,'set global query_cache_size=1000000',0
TIME,HOSTNAME,root,localhost,ID,ID,READ,client_test_db,t1,
TIME,HOSTNAME,root,localhost,ID,ID,QUERY,client_test_db,'select id1, value1 from t1 where id1= 1 or CONVERT(value1 USING utf8)= \'hh\'',0
TIME,HOSTNAME,root,localhost,ID,ID,QUERY,client_test_db,'show status like \'qcache_hits\'',0
TIME,HOSTNAME,root,localhost,ID,ID,QUERY,client_test_db,'select id1, value1 from t1 where id1= 1 or CONVERT(value1 USING utf8)= \'hh\'',0
TIME,HOSTNAME,root,localhost,ID,ID,QUERY,client_test_db,'show status like \'qcache_hits\'',0
TIME,HOSTNAME,root,localhost,ID,ID,READ,client_test_db,t1,
TIME,HOSTNAME,root,localhost,ID,ID,QUERY,client_test_db,'select id1, value1 from t1 where id1= 1 or CONVERT(value1 USING utf8)= \'ii\'',0
TIME,HOSTNAME,root,localhost,ID,ID,QUERY,client_test_db,'show status like \'qcache_hits\'',0
TIME,HOSTNAME,root,localhost,ID,ID,QUERY,client_test_db,'select id1, value1 from t1 where id1= 1 or CONVERT(value1 USING utf8)= \'ii\'',0
TIME,HOSTNAME,root,localhost,ID,ID,QUERY,client_test_db,'show status like \'qcache_hits\'',0
TIME,HOSTNAME,root,localhost,ID,0,CONNECT,client_test_db,,0
TIME,HOSTNAME,root,localhost,ID,ID,QUERY,client_test_db,'SET SQL_MODE=\'\'',0
TIME,HOSTNAME,root,localhost,ID,ID,QUERY,client_test_db,'SET NAMES utf8',0
TIME,HOSTNAME,root,localhost,ID,ID,QUERY,client_test_db,'select id1, value1 from t1 where id1= 1 or CONVERT(value1 USING utf8)= \'hh\'',0
TIME,HOSTNAME,root,localhost,ID,ID,QUERY,client_test_db,'show status like \'qcache_hits\'',0
TIME,HOSTNAME,root,localhost,ID,ID,QUERY,client_test_db,'select id1, value1 from t1 where id1= 1 or CONVERT(value1 USING utf8)= \'hh\'',0
TIME,HOSTNAME,root,localhost,ID,ID,QUERY,client_test_db,'show status like \'qcache_hits\'',0
TIME,HOSTNAME,root,localhost,ID,ID,QUERY,client_test_db,'select id1, value1 from t1 where id1= 1 or CONVERT(value1 USING utf8)= \'ii\'',0
TIME,HOSTNAME,root,localhost,ID,ID,QUERY,client_test_db,'show status like \'qcache_hits\'',0
TIME,HOSTNAME,root,localhost,ID,ID,QUERY,client_test_db,'select id1, value1 from t1 where id1= 1 or CONVERT(value1 USING utf8)= \'ii\'',0
TIME,HOSTNAME,root,localhost,ID,ID,QUERY,client_test_db,'show status like \'qcache_hits\'',0
TIME,HOSTNAME,root,localhost,ID,ID,QUERY,client_test_db,'set global query_cache_size=0',0
TIME,HOSTNAME,root,localhost,ID,ID,QUERY,client_test_db,'set global query_cache_size=1000000',0
TIME,HOSTNAME,root,localhost,ID,ID,READ,client_test_db,t1,
TIME,HOSTNAME,root,localhost,ID,ID,QUERY,client_test_db,'select id1, value1 from t1 where id1= ? or CONVERT(value1 USING utf8)= ?',0
TIME,HOSTNAME,root,localhost,ID,ID,QUERY,client_test_db,'show status like \'qcache_hits\'',0
TIME,HOSTNAME,root,localhost,ID,ID,READ,client_test_db,t1,
TIME,HOSTNAME,root,localhost,ID,ID,QUERY,client_test_db,'select id1, value1 from t1 where id1= ? or CONVERT(value1 USING utf8)= ?',0
TIME,HOSTNAME,root,localhost,ID,ID,QUERY,client_test_db,'show status like \'qcache_hits\'',0
TIME,HOSTNAME,root,localhost,ID,ID,READ,client_test_db,t1,
TIME,HOSTNAME,root,localhost,ID,ID,QUERY,client_test_db,'select id1, value1 from t1 where id1= ? or CONVERT(value1 USING utf8)= ?',0
TIME,HOSTNAME,root,localhost,ID,ID,QUERY,client_test_db,'show status like \'qcache_hits\'',0
TIME,HOSTNAME,root,localhost,ID,ID,READ,client_test_db,t1,
TIME,HOSTNAME,root,localhost,ID,ID,QUERY,client_test_db,'select id1, value1 from t1 where id1= ? or CONVERT(value1 USING utf8)= ?',0
TIME,HOSTNAME,root,localhost,ID,ID,QUERY,client_test_db,'show status like \'qcache_hits\'',0
TIME,HOSTNAME,root,localhost,ID,ID,QUERY,client_test_db,'set global query_cache_size=1000000',0
TIME,HOSTNAME,root,localhost,ID,ID,QUERY,client_test_db,'set global query_cache_size=0',0
TIME,HOSTNAME,root,localhost,ID,ID,READ,client_test_db,t1,
TIME,HOSTNAME,root,localhost,ID,ID,QUERY,client_test_db,'select id1, value1 from t1 where id1= 1 or CONVERT(value1 USING utf8)= \'hh\'',0
TIME,HOSTNAME,root,localhost,ID,ID,QUERY,client_test_db,'show status like \'qcache_hits\'',0
TIME,HOSTNAME,root,localhost,ID,ID,READ,client_test_db,t1,
TIME,HOSTNAME,root,localhost,ID,ID,QUERY,client_test_db,'select id1, value1 from t1 where id1= 1 or CONVERT(value1 USING utf8)= \'hh\'',0
TIME,HOSTNAME,root,localhost,ID,ID,QUERY,client_test_db,'show status like \'qcache_hits\'',0
TIME,HOSTNAME,root,localhost,ID,ID,READ,client_test_db,t1,
TIME,HOSTNAME,root,localhost,ID,ID,QUERY,client_test_db,'select id1, value1 from t1 where id1= 1 or CONVERT(value1 USING utf8)= \'ii\'',0
TIME,HOSTNAME,root,localhost,ID,ID,QUERY,client_test_db,'show status like \'qcache_hits\'',0
TIME,HOSTNAME,root,localhost,ID,ID,READ,client_test_db,t1,
TIME,HOSTNAME,root,localhost,ID,ID,QUERY,client_test_db,'select id1, value1 from t1 where id1= 1 or CONVERT(value1 USING utf8)= \'ii\'',0
TIME,HOSTNAME,root,localhost,ID,ID,QUERY,client_test_db,'show status like \'qcache_hits\'',0
TIME,HOSTNAME,root,localhost,ID,0,DISCONNECT,client_test_db,,0
TIME,HOSTNAME,root,localhost,ID,ID,QUERY,client_test_db,'set global query_cache_size=@save_query_cache_size',0
TIME,HOSTNAME,root,localhost,ID,ID,QUERY,client_test_db,'set global query_cache_type=@save_query_cache_type',0
TIME,HOSTNAME,root,localhost,ID,ID,QUERY,client_test_db,'set names utf8',0
TIME,HOSTNAME,root,localhost,ID,ID,QUERY,client_test_db,'select version()',0
TIME,HOSTNAME,root,localhost,ID,ID,WRITE,mysql,proc,
TIME,HOSTNAME,root,localhost,ID,ID,QUERY,client_test_db,'DROP FUNCTION IF EXISTS функцийка',0
TIME,HOSTNAME,root,localhost,ID,ID,WRITE,mysql,proc,
TIME,HOSTNAME,root,localhost,ID,ID,QUERY,client_test_db,'CREATE FUNCTION функцийка( параметър_версия VARCHAR(25)) RETURNS VARCHAR(25) DETERMINISTIC RETURN параметър_версия',0
TIME,HOSTNAME,root,localhost,ID,ID,READ,mysql,proc,
TIME,HOSTNAME,root,localhost,ID,ID,QUERY,client_test_db,'SELECT функцийка(VERSION())',0
TIME,HOSTNAME,root,localhost,ID,ID,WRITE,mysql,proc,
TIME,HOSTNAME,root,localhost,ID,ID,WRITE,mysql,db,
TIME,HOSTNAME,root,localhost,ID,ID,WRITE,mysql,tables_priv,
TIME,HOSTNAME,root,localhost,ID,ID,WRITE,mysql,columns_priv,
TIME,HOSTNAME,root,localhost,ID,ID,WRITE,mysql,procs_priv,
TIME,HOSTNAME,root,localhost,ID,ID,WRITE,mysql,proxies_priv,
TIME,HOSTNAME,root,localhost,ID,ID,WRITE,mysql,roles_mapping,
TIME,HOSTNAME,root,localhost,ID,ID,WRITE,mysql,global_priv,
TIME,HOSTNAME,root,localhost,ID,ID,QUERY,client_test_db,'DROP FUNCTION функцийка',0
TIME,HOSTNAME,root,localhost,ID,ID,QUERY,client_test_db,'set names default',0
TIME,HOSTNAME,root,localhost,ID,ID,WRITE,mysql,table_stats,
TIME,HOSTNAME,root,localhost,ID,ID,WRITE,mysql,column_stats,
TIME,HOSTNAME,root,localhost,ID,ID,WRITE,mysql,index_stats,
TIME,HOSTNAME,root,localhost,ID,ID,DROP,client_test_db,t1,
TIME,HOSTNAME,root,localhost,ID,ID,QUERY,client_test_db,'drop table if exists t1',0
TIME,HOSTNAME,root,localhost,ID,ID,CREATE,client_test_db,t1,
TIME,HOSTNAME,root,localhost,ID,ID,QUERY,client_test_db,'create table t1(f1 int primary key)',0
TIME,HOSTNAME,root,localhost,ID,ID,WRITE,client_test_db,t1,
TIME,HOSTNAME,root,localhost,ID,ID,READ,mysql,table_stats,
TIME,HOSTNAME,root,localhost,ID,ID,READ,mysql,column_stats,
TIME,HOSTNAME,root,localhost,ID,ID,READ,mysql,index_stats,
TIME,HOSTNAME,root,localhost,ID,ID,QUERY,client_test_db,'insert into t1 values(1)',0
TIME,HOSTNAME,root,localhost,ID,ID,WRITE,client_test_db,t1,
TIME,HOSTNAME,root,localhost,ID,ID,QUERY,client_test_db,'insert into t1 values(1) on duplicate key update f1=1',0
TIME,HOSTNAME,root,localhost,ID,ID,WRITE,mysql,table_stats,
TIME,HOSTNAME,root,localhost,ID,ID,WRITE,mysql,column_stats,
TIME,HOSTNAME,root,localhost,ID,ID,WRITE,mysql,index_stats,
TIME,HOSTNAME,root,localhost,ID,ID,DROP,client_test_db,t1,
TIME,HOSTNAME,root,localhost,ID,ID,QUERY,client_test_db,'drop table t1',0
TIME,HOSTNAME,root,localhost,ID,ID,WRITE,mysql,table_stats,
TIME,HOSTNAME,root,localhost,ID,ID,WRITE,mysql,column_stats,
TIME,HOSTNAME,root,localhost,ID,ID,WRITE,mysql,index_stats,
TIME,HOSTNAME,root,localhost,ID,ID,DROP,client_test_db,t1,
TIME,HOSTNAME,root,localhost,ID,ID,QUERY,client_test_db,'drop table if exists t1',0
TIME,HOSTNAME,root,localhost,ID,ID,CREATE,client_test_db,t1,
TIME,HOSTNAME,root,localhost,ID,ID,QUERY,client_test_db,'create table t1(id int)',0
TIME,HOSTNAME,root,localhost,ID,ID,WRITE,client_test_db,t1,
TIME,HOSTNAME,root,localhost,ID,ID,READ,mysql,table_stats,
TIME,HOSTNAME,root,localhost,ID,ID,READ,mysql,column_stats,
TIME,HOSTNAME,root,localhost,ID,ID,READ,mysql,index_stats,
TIME,HOSTNAME,root,localhost,ID,ID,QUERY,client_test_db,'insert into t1 values(1),(2),(3),(4),(5)',0
TIME,HOSTNAME,root,localhost,ID,ID,QUERY,client_test_db,'select * from t1 where id in(?,?,?,?,?)',ID
TIME,HOSTNAME,root,localhost,ID,ID,WRITE,mysql,table_stats,
TIME,HOSTNAME,root,localhost,ID,ID,WRITE,mysql,column_stats,
TIME,HOSTNAME,root,localhost,ID,ID,WRITE,mysql,index_stats,
TIME,HOSTNAME,root,localhost,ID,ID,DROP,client_test_db,t1,
TIME,HOSTNAME,root,localhost,ID,ID,QUERY,client_test_db,'drop table t1',0
TIME,HOSTNAME,root,localhost,ID,ID,WRITE,mysql,table_stats,
TIME,HOSTNAME,root,localhost,ID,ID,WRITE,mysql,column_stats,
TIME,HOSTNAME,root,localhost,ID,ID,WRITE,mysql,index_stats,
TIME,HOSTNAME,root,localhost,ID,ID,DROP,client_test_db,t1,
TIME,HOSTNAME,root,localhost,ID,ID,QUERY,client_test_db,'DROP TABLE IF EXISTS t1',0
TIME,HOSTNAME,root,localhost,ID,ID,CREATE,client_test_db,t1,
TIME,HOSTNAME,root,localhost,ID,ID,QUERY,client_test_db,'CREATE TABLE t1(c2 DATETIME)',0
TIME,HOSTNAME,root,localhost,ID,ID,WRITE,client_test_db,t1,
TIME,HOSTNAME,root,localhost,ID,ID,READ,mysql,table_stats,
TIME,HOSTNAME,root,localhost,ID,ID,READ,mysql,column_stats,
TIME,HOSTNAME,root,localhost,ID,ID,READ,mysql,index_stats,
TIME,HOSTNAME,root,localhost,ID,ID,QUERY,client_test_db,'INSERT INTO t1 VALUES (?)',0
TIME,HOSTNAME,root,localhost,ID,ID,WRITE,client_test_db,t1,
TIME,HOSTNAME,root,localhost,ID,ID,QUERY,client_test_db,'INSERT INTO t1 VALUES (?)',0
TIME,HOSTNAME,root,localhost,ID,ID,WRITE,client_test_db,t1,
TIME,HOSTNAME,root,localhost,ID,ID,QUERY,client_test_db,'INSERT INTO t1 VALUES (?)',0
TIME,HOSTNAME,root,localhost,ID,ID,WRITE,client_test_db,t1,
TIME,HOSTNAME,root,localhost,ID,ID,QUERY,client_test_db,'INSERT INTO t1 VALUES (?)',0
TIME,HOSTNAME,root,localhost,ID,ID,WRITE,client_test_db,t1,
TIME,HOSTNAME,root,localhost,ID,ID,QUERY,client_test_db,'INSERT INTO t1 VALUES (?)',0
TIME,HOSTNAME,root,localhost,ID,ID,WRITE,client_test_db,t1,
TIME,HOSTNAME,root,localhost,ID,ID,QUERY,client_test_db,'INSERT INTO t1 VALUES (?)',0
TIME,HOSTNAME,root,localhost,ID,ID,WRITE,client_test_db,t1,
TIME,HOSTNAME,root,localhost,ID,ID,QUERY,client_test_db,'INSERT INTO t1 VALUES (?)',0
TIME,HOSTNAME,root,localhost,ID,ID,WRITE,client_test_db,t1,
TIME,HOSTNAME,root,localhost,ID,ID,QUERY,client_test_db,'INSERT INTO t1 VALUES (?)',0
TIME,HOSTNAME,root,localhost,ID,ID,WRITE,client_test_db,t1,
TIME,HOSTNAME,root,localhost,ID,ID,QUERY,client_test_db,'INSERT INTO t1 VALUES (?)',0
TIME,HOSTNAME,root,localhost,ID,ID,WRITE,client_test_db,t1,
TIME,HOSTNAME,root,localhost,ID,ID,QUERY,client_test_db,'INSERT INTO t1 VALUES (?)',0
TIME,HOSTNAME,root,localhost,ID,ID,WRITE,client_test_db,t1,
TIME,HOSTNAME,root,localhost,ID,ID,QUERY,client_test_db,'INSERT INTO t1 VALUES (?)',0
TIME,HOSTNAME,root,localhost,ID,ID,WRITE,client_test_db,t1,
TIME,HOSTNAME,root,localhost,ID,ID,QUERY,client_test_db,'INSERT INTO t1 VALUES (?)',0
TIME,HOSTNAME,root,localhost,ID,ID,WRITE,client_test_db,t1,
TIME,HOSTNAME,root,localhost,ID,ID,QUERY,client_test_db,'INSERT INTO t1 VALUES (?)',0
TIME,HOSTNAME,root,localhost,ID,ID,WRITE,client_test_db,t1,
TIME,HOSTNAME,root,localhost,ID,ID,QUERY,client_test_db,'INSERT INTO t1 VALUES (?)',0
TIME,HOSTNAME,root,localhost,ID,ID,WRITE,client_test_db,t1,
TIME,HOSTNAME,root,localhost,ID,ID,QUERY,client_test_db,'INSERT INTO t1 VALUES (?)',0
TIME,HOSTNAME,root,localhost,ID,ID,WRITE,client_test_db,t1,
TIME,HOSTNAME,root,localhost,ID,ID,QUERY,client_test_db,'INSERT INTO t1 VALUES (?)',0
TIME,HOSTNAME,root,localhost,ID,ID,WRITE,client_test_db,t1,
TIME,HOSTNAME,root,localhost,ID,ID,QUERY,client_test_db,'INSERT INTO t1 VALUES (?)',0
TIME,HOSTNAME,root,localhost,ID,ID,WRITE,client_test_db,t1,
TIME,HOSTNAME,root,localhost,ID,ID,QUERY,client_test_db,'INSERT INTO t1 VALUES (?)',0
TIME,HOSTNAME,root,localhost,ID,ID,WRITE,client_test_db,t1,
TIME,HOSTNAME,root,localhost,ID,ID,QUERY,client_test_db,'INSERT INTO t1 VALUES (?)',0
TIME,HOSTNAME,root,localhost,ID,ID,WRITE,client_test_db,t1,
TIME,HOSTNAME,root,localhost,ID,ID,QUERY,client_test_db,'INSERT INTO t1 VALUES (?)',0
TIME,HOSTNAME,root,localhost,ID,ID,WRITE,client_test_db,t1,
TIME,HOSTNAME,root,localhost,ID,ID,QUERY,client_test_db,'INSERT INTO t1 VALUES (?)',0
TIME,HOSTNAME,root,localhost,ID,ID,WRITE,client_test_db,t1,
TIME,HOSTNAME,root,localhost,ID,ID,QUERY,client_test_db,'INSERT INTO t1 VALUES (?)',0
TIME,HOSTNAME,root,localhost,ID,ID,WRITE,client_test_db,t1,
TIME,HOSTNAME,root,localhost,ID,ID,QUERY,client_test_db,'INSERT INTO t1 VALUES (?)',0
TIME,HOSTNAME,root,localhost,ID,ID,WRITE,client_test_db,t1,
TIME,HOSTNAME,root,localhost,ID,ID,QUERY,client_test_db,'INSERT INTO t1 VALUES (?)',0
TIME,HOSTNAME,root,localhost,ID,ID,WRITE,client_test_db,t1,
TIME,HOSTNAME,root,localhost,ID,ID,QUERY,client_test_db,'INSERT INTO t1 VALUES (?)',0
TIME,HOSTNAME,root,localhost,ID,ID,WRITE,client_test_db,t1,
TIME,HOSTNAME,root,localhost,ID,ID,QUERY,client_test_db,'INSERT INTO t1 VALUES (?)',0
TIME,HOSTNAME,root,localhost,ID,ID,WRITE,client_test_db,t1,
TIME,HOSTNAME,root,localhost,ID,ID,QUERY,client_test_db,'INSERT INTO t1 VALUES (?)',0
TIME,HOSTNAME,root,localhost,ID,ID,WRITE,client_test_db,t1,
TIME,HOSTNAME,root,localhost,ID,ID,QUERY,client_test_db,'INSERT INTO t1 VALUES (?)',0
TIME,HOSTNAME,root,localhost,ID,ID,WRITE,client_test_db,t1,
TIME,HOSTNAME,root,localhost,ID,ID,QUERY,client_test_db,'INSERT INTO t1 VALUES (?)',0
TIME,HOSTNAME,root,localhost,ID,ID,WRITE,client_test_db,t1,
TIME,HOSTNAME,root,localhost,ID,ID,QUERY,client_test_db,'INSERT INTO t1 VALUES (?)',0
TIME,HOSTNAME,root,localhost,ID,ID,WRITE,client_test_db,t1,
TIME,HOSTNAME,root,localhost,ID,ID,QUERY,client_test_db,'INSERT INTO t1 VALUES (?)',0
TIME,HOSTNAME,root,localhost,ID,ID,WRITE,client_test_db,t1,
TIME,HOSTNAME,root,localhost,ID,ID,QUERY,client_test_db,'INSERT INTO t1 VALUES (?)',0
TIME,HOSTNAME,root,localhost,ID,ID,WRITE,client_test_db,t1,
TIME,HOSTNAME,root,localhost,ID,ID,QUERY,client_test_db,'INSERT INTO t1 VALUES (?)',0
TIME,HOSTNAME,root,localhost,ID,ID,WRITE,client_test_db,t1,
TIME,HOSTNAME,root,localhost,ID,ID,QUERY,client_test_db,'INSERT INTO t1 VALUES (?)',0
TIME,HOSTNAME,root,localhost,ID,ID,WRITE,client_test_db,t1,
TIME,HOSTNAME,root,localhost,ID,ID,QUERY,client_test_db,'INSERT INTO t1 VALUES (?)',0
TIME,HOSTNAME,root,localhost,ID,ID,WRITE,client_test_db,t1,
TIME,HOSTNAME,root,localhost,ID,ID,QUERY,client_test_db,'INSERT INTO t1 VALUES (?)',0
TIME,HOSTNAME,root,localhost,ID,ID,WRITE,client_test_db,t1,
TIME,HOSTNAME,root,localhost,ID,ID,QUERY,client_test_db,'INSERT INTO t1 VALUES (?)',0
TIME,HOSTNAME,root,localhost,ID,ID,WRITE,client_test_db,t1,
TIME,HOSTNAME,root,localhost,ID,ID,QUERY,client_test_db,'INSERT INTO t1 VALUES (?)',0
TIME,HOSTNAME,root,localhost,ID,ID,WRITE,client_test_db,t1,
TIME,HOSTNAME,root,localhost,ID,ID,QUERY,client_test_db,'INSERT INTO t1 VALUES (?)',0
TIME,HOSTNAME,root,localhost,ID,ID,WRITE,client_test_db,t1,
TIME,HOSTNAME,root,localhost,ID,ID,QUERY,client_test_db,'INSERT INTO t1 VALUES (?)',0
TIME,HOSTNAME,root,localhost,ID,ID,QUERY,client_test_db,'SELECT 1 FROM dual WHERE 0=2',0
TIME,HOSTNAME,root,localhost,ID,ID,QUERY,client_test_db,'SELECT 1 FROM dual WHERE 0=2',0
TIME,HOSTNAME,root,localhost,ID,ID,QUERY,client_test_db,'SELECT 1 FROM dual WHERE 0=2',0
TIME,HOSTNAME,root,localhost,ID,ID,QUERY,client_test_db,'SELECT 1 FROM dual WHERE 0=2',0
TIME,HOSTNAME,root,localhost,ID,ID,QUERY,client_test_db,'SELECT 1 FROM dual WHERE 0=2',0
TIME,HOSTNAME,root,localhost,ID,ID,QUERY,client_test_db,'SELECT 1 FROM dual WHERE 0=2',0
TIME,HOSTNAME,root,localhost,ID,ID,QUERY,client_test_db,'SELECT 1 FROM dual WHERE 0=2',0
TIME,HOSTNAME,root,localhost,ID,ID,QUERY,client_test_db,'SELECT 1 FROM dual WHERE 0=2',0
TIME,HOSTNAME,root,localhost,ID,ID,QUERY,client_test_db,'SELECT 1 FROM dual WHERE 0=2',0
TIME,HOSTNAME,root,localhost,ID,ID,QUERY,client_test_db,'SELECT 1 FROM dual WHERE 0=2',0
TIME,HOSTNAME,root,localhost,ID,ID,QUERY,client_test_db,'SELECT 1 FROM dual WHERE 0=2',0
TIME,HOSTNAME,root,localhost,ID,ID,QUERY,client_test_db,'SELECT 1 FROM dual WHERE 0=2',0
TIME,HOSTNAME,root,localhost,ID,ID,QUERY,client_test_db,'SELECT 1 FROM dual WHERE 0=2',0
TIME,HOSTNAME,root,localhost,ID,ID,QUERY,client_test_db,'SELECT 1 FROM dual WHERE 0=2',0
TIME,HOSTNAME,root,localhost,ID,ID,QUERY,client_test_db,'SELECT 1 FROM dual WHERE 0=2',0
TIME,HOSTNAME,root,localhost,ID,ID,QUERY,client_test_db,'SELECT 1 FROM dual WHERE 0=2',0
TIME,HOSTNAME,root,localhost,ID,ID,QUERY,client_test_db,'SELECT 1 FROM dual WHERE 0=2',0
TIME,HOSTNAME,root,localhost,ID,ID,QUERY,client_test_db,'SELECT 1 FROM dual WHERE 0=2',0
TIME,HOSTNAME,root,localhost,ID,ID,QUERY,client_test_db,'SELECT 1 FROM dual WHERE 0=2',0
TIME,HOSTNAME,root,localhost,ID,ID,QUERY,client_test_db,'SELECT 1 FROM dual WHERE 0=2',0
TIME,HOSTNAME,root,localhost,ID,ID,QUERY,client_test_db,'SELECT 1 FROM dual WHERE 0=2',0
TIME,HOSTNAME,root,localhost,ID,ID,QUERY,client_test_db,'SELECT 1 FROM dual WHERE 0=2',0
TIME,HOSTNAME,root,localhost,ID,ID,QUERY,client_test_db,'SELECT 1 FROM dual WHERE 0=2',0
TIME,HOSTNAME,root,localhost,ID,ID,QUERY,client_test_db,'SELECT 1 FROM dual WHERE 0=2',0
TIME,HOSTNAME,root,localhost,ID,ID,QUERY,client_test_db,'SELECT 1 FROM dual WHERE 0=2',0
TIME,HOSTNAME,root,localhost,ID,ID,QUERY,client_test_db,'SELECT 1 FROM dual WHERE 0=2',0
TIME,HOSTNAME,root,localhost,ID,ID,QUERY,client_test_db,'SELECT 1 FROM dual WHERE 0=2',0
TIME,HOSTNAME,root,localhost,ID,ID,QUERY,client_test_db,'SELECT 1 FROM dual WHERE 0=2',0
TIME,HOSTNAME,root,localhost,ID,ID,QUERY,client_test_db,'SELECT 1 FROM dual WHERE 0=2',0
TIME,HOSTNAME,root,localhost,ID,ID,QUERY,client_test_db,'SELECT 1 FROM dual WHERE 0=2',0
TIME,HOSTNAME,root,localhost,ID,ID,QUERY,client_test_db,'SELECT 1 FROM dual WHERE 0=2',0
TIME,HOSTNAME,root,localhost,ID,ID,QUERY,client_test_db,'SELECT 1 FROM dual WHERE 0=2',0
TIME,HOSTNAME,root,localhost,ID,ID,QUERY,client_test_db,'SELECT 1 FROM dual WHERE 0=2',0
TIME,HOSTNAME,root,localhost,ID,ID,QUERY,client_test_db,'SELECT 1 FROM dual WHERE 0=2',0
TIME,HOSTNAME,root,localhost,ID,ID,QUERY,client_test_db,'SELECT 1 FROM dual WHERE 0=2',0
TIME,HOSTNAME,root,localhost,ID,ID,QUERY,client_test_db,'SELECT 1 FROM dual WHERE 0=2',0
TIME,HOSTNAME,root,localhost,ID,ID,QUERY,client_test_db,'SELECT 1 FROM dual WHERE 0=2',0
TIME,HOSTNAME,root,localhost,ID,ID,QUERY,client_test_db,'SELECT 1 FROM dual WHERE 0=2',0
TIME,HOSTNAME,root,localhost,ID,ID,QUERY,client_test_db,'SELECT 1 FROM dual WHERE 0=2',0
TIME,HOSTNAME,root,localhost,ID,ID,QUERY,client_test_db,'SELECT 1 FROM dual WHERE 0=2',0
TIME,HOSTNAME,root,localhost,ID,0,CONNECT,test,,0
TIME,HOSTNAME,root,localhost,ID,ID,WRITE,mysql,table_stats,
TIME,HOSTNAME,root,localhost,ID,ID,WRITE,mysql,column_stats,
TIME,HOSTNAME,root,localhost,ID,ID,WRITE,mysql,index_stats,
TIME,HOSTNAME,root,localhost,ID,ID,DROP,test,t1,
TIME,HOSTNAME,root,localhost,ID,ID,QUERY,test,'drop table if exists t1',0
TIME,HOSTNAME,root,localhost,ID,ID,CREATE,test,t1,
TIME,HOSTNAME,root,localhost,ID,ID,QUERY,test,'create table t1(f1 int)',0
TIME,HOSTNAME,root,localhost,ID,ID,WRITE,test,t1,
TIME,HOSTNAME,root,localhost,ID,ID,READ,mysql,table_stats,
TIME,HOSTNAME,root,localhost,ID,ID,READ,mysql,column_stats,
TIME,HOSTNAME,root,localhost,ID,ID,READ,mysql,index_stats,
TIME,HOSTNAME,root,localhost,ID,ID,QUERY,test,'insert into t1 values(1)',0
TIME,HOSTNAME,root,localhost,ID,ID,WRITE,mysql,table_stats,
TIME,HOSTNAME,root,localhost,ID,ID,WRITE,mysql,column_stats,
TIME,HOSTNAME,root,localhost,ID,ID,WRITE,mysql,index_stats,
TIME,HOSTNAME,root,localhost,ID,ID,DROP,test,t1,
TIME,HOSTNAME,root,localhost,ID,ID,QUERY,test,'drop table t1',0
TIME,HOSTNAME,root,localhost,ID,0,DISCONNECT,test,,0
TIME,HOSTNAME,root,localhost,ID,ID,WRITE,mysql,table_stats,
TIME,HOSTNAME,root,localhost,ID,ID,WRITE,mysql,column_stats,
TIME,HOSTNAME,root,localhost,ID,ID,WRITE,mysql,index_stats,
TIME,HOSTNAME,root,localhost,ID,ID,DROP,client_test_db,tab17557,
TIME,HOSTNAME,root,localhost,ID,ID,QUERY,client_test_db,'DROP TABLE IF EXISTS tab17557',0
TIME,HOSTNAME,root,localhost,ID,ID,QUERY,client_test_db,'DROP VIEW IF EXISTS view17557',0
TIME,HOSTNAME,root,localhost,ID,ID,CREATE,client_test_db,tab17557,
TIME,HOSTNAME,root,localhost,ID,ID,QUERY,client_test_db,'CREATE TABLE tab17557 (dd decimal (3,ID))',0
TIME,HOSTNAME,root,localhost,ID,ID,READ,client_test_db,tab17557,
TIME,HOSTNAME,root,localhost,ID,ID,QUERY,client_test_db,'CREATE VIEW view17557 as SELECT dd FROM tab17557',0
TIME,HOSTNAME,root,localhost,ID,ID,WRITE,client_test_db,tab17557,
TIME,HOSTNAME,root,localhost,ID,ID,READ,mysql,table_stats,
TIME,HOSTNAME,root,localhost,ID,ID,READ,mysql,column_stats,
TIME,HOSTNAME,root,localhost,ID,ID,READ,mysql,index_stats,
TIME,HOSTNAME,root,localhost,ID,ID,QUERY,client_test_db,'INSERT INTO tab17557 VALUES (7.6)',0
TIME,HOSTNAME,root,localhost,ID,ID,WRITE,mysql,table_stats,
TIME,HOSTNAME,root,localhost,ID,ID,WRITE,mysql,column_stats,
TIME,HOSTNAME,root,localhost,ID,ID,WRITE,mysql,index_stats,
TIME,HOSTNAME,root,localhost,ID,ID,DROP,client_test_db,tab17557,
TIME,HOSTNAME,root,localhost,ID,ID,QUERY,client_test_db,'DROP TABLE tab17557',0
TIME,HOSTNAME,root,localhost,ID,ID,QUERY,client_test_db,'DROP VIEW view17557',0
TIME,HOSTNAME,root,localhost,ID,ID,QUERY,client_test_db,'drop database if exists mysqltest_user_test_database',0
TIME,HOSTNAME,root,localhost,ID,ID,QUERY,client_test_db,'create database mysqltest_user_test_database',0
TIME,HOSTNAME,root,localhost,ID,ID,QUERY,client_test_db,'SET SQL_MODE=\'\'',0
TIME,HOSTNAME,root,localhost,ID,ID,WRITE,mysql,db,
TIME,HOSTNAME,root,localhost,ID,ID,WRITE,mysql,global_priv,
TIME,HOSTNAME,root,localhost,ID,ID,QUERY,client_test_db,'grant select on mysqltest_user_test_database.* to mysqltest_pw@\'%\' identified by *****',0
TIME,HOSTNAME,root,localhost,ID,ID,WRITE,mysql,db,
TIME,HOSTNAME,root,localhost,ID,ID,WRITE,mysql,global_priv,
TIME,HOSTNAME,root,localhost,ID,ID,QUERY,client_test_db,'grant select on mysqltest_user_test_database.* to mysqltest_pw@\'localhost\' identified by *****',0
TIME,HOSTNAME,root,localhost,ID,ID,WRITE,mysql,db,
TIME,HOSTNAME,root,localhost,ID,ID,WRITE,mysql,global_priv,
TIME,HOSTNAME,root,localhost,ID,ID,QUERY,client_test_db,'grant select on mysqltest_user_test_database.* to mysqltest_no_pw@\'%\'',0
TIME,HOSTNAME,root,localhost,ID,ID,WRITE,mysql,db,
TIME,HOSTNAME,root,localhost,ID,ID,WRITE,mysql,global_priv,
TIME,HOSTNAME,root,localhost,ID,ID,QUERY,client_test_db,'grant select on mysqltest_user_test_database.* to mysqltest_no_pw@\'localhost\'',0
TIME,HOSTNAME,root,localhost,ID,0,CONNECT,test,,0
TIME,HOSTNAME,root,localhost,ID,ID,QUERY,test,'SET autocommit=1',0
TIME,HOSTNAME,root,localhost,ID,ID,QUERY,test,'CREATE DATABASE IF NOT EXISTS client_test_db',0
TIME,HOSTNAME,root,localhost,ID,ID,QUERY,client_test_db,'USE client_test_db',0
TIME,HOSTNAME,root,localhost,ID,ID,QUERY,client_test_db,'SELECT (support = \'YES\' or support = \'DEFAULT\' or support = \'ENABLED\') AS `TRUE` FROM information_schema.engines WHERE engine = \'innodb\'',0
TIME,HOSTNAME,root,localhost,ID,0,CHANGE_USER,,``,ID
TIME,HOSTNAME,root,localhost,ID,0,CHANGE_USER,,``,ID
TIME,HOSTNAME,root,localhost,ID,0,CHANGE_USER,,``,ID
TIME,HOSTNAME,root,localhost,ID,0,DISCONNECT,client_test_db,,0
TIME,HOSTNAME,root,localhost,ID,0,CONNECT,test,,0
TIME,HOSTNAME,root,localhost,ID,ID,QUERY,test,'SET autocommit=1',0
TIME,HOSTNAME,root,localhost,ID,ID,QUERY,test,'CREATE DATABASE IF NOT EXISTS client_test_db',0
TIME,HOSTNAME,root,localhost,ID,ID,QUERY,client_test_db,'USE client_test_db',0
TIME,HOSTNAME,root,localhost,ID,ID,QUERY,client_test_db,'SELECT (support = \'YES\' or support = \'DEFAULT\' or support = \'ENABLED\') AS `TRUE` FROM information_schema.engines WHERE engine = \'innodb\'',0
TIME,HOSTNAME,root,localhost,ID,0,CHANGE_USER,,``,ID
TIME,HOSTNAME,root,localhost,ID,0,CHANGE_USER,,``,ID
TIME,HOSTNAME,root,localhost,ID,0,CHANGE_USER,,``,ID
TIME,HOSTNAME,root,localhost,ID,0,DISCONNECT,client_test_db,,0
TIME,HOSTNAME,root,localhost,ID,0,CONNECT,test,,0
TIME,HOSTNAME,root,localhost,ID,ID,QUERY,test,'SET autocommit=1',0
TIME,HOSTNAME,root,localhost,ID,ID,QUERY,test,'CREATE DATABASE IF NOT EXISTS client_test_db',0
TIME,HOSTNAME,root,localhost,ID,ID,QUERY,client_test_db,'USE client_test_db',0
TIME,HOSTNAME,root,localhost,ID,ID,QUERY,client_test_db,'SELECT (support = \'YES\' or support = \'DEFAULT\' or support = \'ENABLED\') AS `TRUE` FROM information_schema.engines WHERE engine = \'innodb\'',0
TIME,HOSTNAME,root,localhost,ID,0,CHANGE_USER,,``,ID
TIME,HOSTNAME,root,localhost,ID,0,CHANGE_USER,,`mysqltest_pw`,ID
TIME,HOSTNAME,root,localhost,ID,0,CHANGE_USER,,`mysqltest_pw`,ID
TIME,HOSTNAME,root,localhost,ID,0,DISCONNECT,client_test_db,,0
TIME,HOSTNAME,root,localhost,ID,0,CONNECT,test,,0
TIME,HOSTNAME,root,localhost,ID,ID,QUERY,test,'SET autocommit=1',0
TIME,HOSTNAME,root,localhost,ID,ID,QUERY,test,'CREATE DATABASE IF NOT EXISTS client_test_db',0
TIME,HOSTNAME,root,localhost,ID,ID,QUERY,client_test_db,'USE client_test_db',0
TIME,HOSTNAME,root,localhost,ID,ID,QUERY,client_test_db,'SELECT (support = \'YES\' or support = \'DEFAULT\' or support = \'ENABLED\') AS `TRUE` FROM information_schema.engines WHERE engine = \'innodb\'',0
TIME,HOSTNAME,root,localhost,ID,0,CHANGE_USER,,`mysqltest_pw`,ID
TIME,HOSTNAME,root,localhost,ID,0,CHANGE_USER,,`mysqltest_pw`,ID
TIME,HOSTNAME,root,localhost,ID,0,CHANGE_USER,,`mysqltest_pw`,ID
TIME,HOSTNAME,root,localhost,ID,0,DISCONNECT,client_test_db,,0
TIME,HOSTNAME,root,localhost,ID,0,CONNECT,test,,0
TIME,HOSTNAME,root,localhost,ID,ID,QUERY,test,'SET autocommit=1',0
TIME,HOSTNAME,root,localhost,ID,ID,QUERY,test,'CREATE DATABASE IF NOT EXISTS client_test_db',0
TIME,HOSTNAME,root,localhost,ID,ID,QUERY,client_test_db,'USE client_test_db',0
TIME,HOSTNAME,root,localhost,ID,ID,QUERY,client_test_db,'SELECT (support = \'YES\' or support = \'DEFAULT\' or support = \'ENABLED\') AS `TRUE` FROM information_schema.engines WHERE engine = \'innodb\'',0
TIME,HOSTNAME,root,localhost,ID,0,CHANGE_USER,,`mysqltest_pw`,ID
TIME,HOSTNAME,root,localhost,ID,0,CHANGE_USER,mysqltest_user_test_database,`mysqltest_pw`,0
TIME,HOSTNAME,mysqltest_pw,localhost,ID,0,CHANGE_USER_DONE,mysqltest_user_test_database,,0
TIME,HOSTNAME,mysqltest_pw,localhost,ID,0,CHANGE_USER,,`mysqltest_pw`,0
TIME,HOSTNAME,mysqltest_pw,localhost,ID,0,CHANGE_USER_DONE,,,0
TIME,HOSTNAME,mysqltest_pw,localhost,ID,0,CHANGE_USER,,`mysqltest_pw`,0
TIME,HOSTNAME,mysqltest_pw,localhost,ID,0,CHANGE_USER_DONE,,,0
TIME,HOSTNAME,mysqltest_pw,localhost,ID,ID,QUERY,,'SIGNAL SQLSTATE \'01000\'',0
TIME,HOSTNAME,mysqltest_pw,localhost,ID,0,CHANGE_USER,,`mysqltest_pw`,0
TIME,HOSTNAME,mysqltest_pw,localhost,ID,0,CHANGE_USER_DONE,,,0
TIME,HOSTNAME,mysqltest_pw,localhost,ID,ID,QUERY,,'SHOW WARNINGS',0
TIME,HOSTNAME,mysqltest_pw,localhost,ID,0,CHANGE_USER,,`mysqltest_no_pw`,ID
TIME,HOSTNAME,mysqltest_pw,localhost,ID,0,CHANGE_USER,,`mysqltest_no_pw`,ID
TIME,HOSTNAME,mysqltest_pw,localhost,ID,0,DISCONNECT,,,0
TIME,HOSTNAME,root,localhost,ID,0,CONNECT,test,,0
TIME,HOSTNAME,root,localhost,ID,ID,QUERY,test,'SET autocommit=1',0
TIME,HOSTNAME,root,localhost,ID,ID,QUERY,test,'CREATE DATABASE IF NOT EXISTS client_test_db',0
TIME,HOSTNAME,root,localhost,ID,ID,QUERY,client_test_db,'USE client_test_db',0
TIME,HOSTNAME,root,localhost,ID,ID,QUERY,client_test_db,'SELECT (support = \'YES\' or support = \'DEFAULT\' or support = \'ENABLED\') AS `TRUE` FROM information_schema.engines WHERE engine = \'innodb\'',0
TIME,HOSTNAME,root,localhost,ID,0,CHANGE_USER,,`mysqltest_no_pw`,ID
TIME,HOSTNAME,root,localhost,ID,0,CHANGE_USER,,`mysqltest_no_pw`,0
TIME,HOSTNAME,mysqltest_no_pw,localhost,ID,0,CHANGE_USER_DONE,,,0
TIME,HOSTNAME,mysqltest_no_pw,localhost,ID,0,CHANGE_USER,,`mysqltest_no_pw`,0
TIME,HOSTNAME,mysqltest_no_pw,localhost,ID,0,CHANGE_USER_DONE,,,0
TIME,HOSTNAME,mysqltest_no_pw,localhost,ID,0,CHANGE_USER,mysqltest_user_test_database,`mysqltest_no_pw`,0
TIME,HOSTNAME,mysqltest_no_pw,localhost,ID,0,CHANGE_USER_DONE,mysqltest_user_test_database,,0
TIME,HOSTNAME,mysqltest_no_pw,localhost,ID,0,CHANGE_USER,mysqltest_user_test_database,`mysqltest_no_pw`,0
TIME,HOSTNAME,mysqltest_no_pw,localhost,ID,0,CHANGE_USER_DONE,mysqltest_user_test_database,,0
TIME,HOSTNAME,mysqltest_no_pw,localhost,ID,0,CHANGE_USER,,``,ID
TIME,HOSTNAME,mysqltest_no_pw,localhost,ID,0,CHANGE_USER,,``,ID
TIME,HOSTNAME,mysqltest_no_pw,localhost,ID,0,DISCONNECT,mysqltest_user_test_database,,0
TIME,HOSTNAME,root,localhost,ID,0,CONNECT,test,,0
TIME,HOSTNAME,root,localhost,ID,ID,QUERY,test,'SET autocommit=1',0
TIME,HOSTNAME,root,localhost,ID,ID,QUERY,test,'CREATE DATABASE IF NOT EXISTS client_test_db',0
TIME,HOSTNAME,root,localhost,ID,ID,QUERY,client_test_db,'USE client_test_db',0
TIME,HOSTNAME,root,localhost,ID,ID,QUERY,client_test_db,'SELECT (support = \'YES\' or support = \'DEFAULT\' or support = \'ENABLED\') AS `TRUE` FROM information_schema.engines WHERE engine = \'innodb\'',0
TIME,HOSTNAME,root,localhost,ID,0,CHANGE_USER,,``,ID
TIME,HOSTNAME,root,localhost,ID,0,CHANGE_USER,,``,ID
TIME,HOSTNAME,root,localhost,ID,0,CHANGE_USER,,``,ID
TIME,HOSTNAME,root,localhost,ID,0,DISCONNECT,client_test_db,,0
TIME,HOSTNAME,root,localhost,ID,0,CONNECT,test,,0
TIME,HOSTNAME,root,localhost,ID,ID,QUERY,test,'SET autocommit=1',0
TIME,HOSTNAME,root,localhost,ID,ID,QUERY,test,'CREATE DATABASE IF NOT EXISTS client_test_db',0
TIME,HOSTNAME,root,localhost,ID,ID,QUERY,client_test_db,'USE client_test_db',0
TIME,HOSTNAME,root,localhost,ID,ID,QUERY,client_test_db,'SELECT (support = \'YES\' or support = \'DEFAULT\' or support = \'ENABLED\') AS `TRUE` FROM information_schema.engines WHERE engine = \'innodb\'',0
TIME,HOSTNAME,root,localhost,ID,0,CHANGE_USER,,``,ID
TIME,HOSTNAME,root,localhost,ID,0,CHANGE_USER,,``,ID
TIME,HOSTNAME,root,localhost,ID,0,CHANGE_USER,client_test_db,`root`,0
TIME,HOSTNAME,root,localhost,ID,0,CHANGE_USER_DONE,client_test_db,,0
TIME,HOSTNAME,root,localhost,ID,0,DISCONNECT,client_test_db,,0
TIME,HOSTNAME,root,localhost,ID,ID,READ,mysql,proc,
TIME,HOSTNAME,root,localhost,ID,ID,WRITE,mysql,proc,
TIME,HOSTNAME,root,localhost,ID,ID,WRITE,mysql,event,
TIME,HOSTNAME,root,localhost,ID,ID,QUERY,client_test_db,'drop database mysqltest_user_test_database',0
TIME,HOSTNAME,root,localhost,ID,ID,WRITE,mysql,db,
TIME,HOSTNAME,root,localhost,ID,ID,WRITE,mysql,tables_priv,
TIME,HOSTNAME,root,localhost,ID,ID,WRITE,mysql,columns_priv,
TIME,HOSTNAME,root,localhost,ID,ID,WRITE,mysql,procs_priv,
TIME,HOSTNAME,root,localhost,ID,ID,WRITE,mysql,proxies_priv,
TIME,HOSTNAME,root,localhost,ID,ID,WRITE,mysql,roles_mapping,
TIME,HOSTNAME,root,localhost,ID,ID,WRITE,mysql,global_priv,
TIME,HOSTNAME,root,localhost,ID,ID,QUERY,client_test_db,'drop user mysqltest_pw@\'%\'',0
TIME,HOSTNAME,root,localhost,ID,ID,WRITE,mysql,db,
TIME,HOSTNAME,root,localhost,ID,ID,WRITE,mysql,tables_priv,
TIME,HOSTNAME,root,localhost,ID,ID,WRITE,mysql,columns_priv,
TIME,HOSTNAME,root,localhost,ID,ID,WRITE,mysql,procs_priv,
TIME,HOSTNAME,root,localhost,ID,ID,WRITE,mysql,proxies_priv,
TIME,HOSTNAME,root,localhost,ID,ID,WRITE,mysql,roles_mapping,
TIME,HOSTNAME,root,localhost,ID,ID,WRITE,mysql,global_priv,
TIME,HOSTNAME,root,localhost,ID,ID,QUERY,client_test_db,'drop user mysqltest_no_pw@\'%\'',0
TIME,HOSTNAME,root,localhost,ID,ID,WRITE,mysql,db,
TIME,HOSTNAME,root,localhost,ID,ID,WRITE,mysql,tables_priv,
TIME,HOSTNAME,root,localhost,ID,ID,WRITE,mysql,columns_priv,
TIME,HOSTNAME,root,localhost,ID,ID,WRITE,mysql,procs_priv,
TIME,HOSTNAME,root,localhost,ID,ID,WRITE,mysql,proxies_priv,
TIME,HOSTNAME,root,localhost,ID,ID,WRITE,mysql,roles_mapping,
TIME,HOSTNAME,root,localhost,ID,ID,WRITE,mysql,global_priv,
TIME,HOSTNAME,root,localhost,ID,ID,QUERY,client_test_db,'drop user mysqltest_pw@\'localhost\'',0
TIME,HOSTNAME,root,localhost,ID,ID,WRITE,mysql,db,
TIME,HOSTNAME,root,localhost,ID,ID,WRITE,mysql,tables_priv,
TIME,HOSTNAME,root,localhost,ID,ID,WRITE,mysql,columns_priv,
TIME,HOSTNAME,root,localhost,ID,ID,WRITE,mysql,procs_priv,
TIME,HOSTNAME,root,localhost,ID,ID,WRITE,mysql,proxies_priv,
TIME,HOSTNAME,root,localhost,ID,ID,WRITE,mysql,roles_mapping,
TIME,HOSTNAME,root,localhost,ID,ID,WRITE,mysql,global_priv,
TIME,HOSTNAME,root,localhost,ID,ID,QUERY,client_test_db,'drop user mysqltest_no_pw@\'localhost\'',0
TIME,HOSTNAME,root,localhost,ID,0,CONNECT,test,,0
TIME,HOSTNAME,root,localhost,ID,ID,QUERY,test,'SHOW VARIABLES LIKE \'character_set_client\'',0
TIME,HOSTNAME,root,localhost,ID,ID,QUERY,test,'SHOW VARIABLES LIKE \'character_set_results\'',0
TIME,HOSTNAME,root,localhost,ID,ID,QUERY,test,'SHOW VARIABLES LIKE \'collation_connection\'',0
TIME,HOSTNAME,root,localhost,ID,ID,QUERY,test,'SET NAMES latin2',0
TIME,HOSTNAME,root,localhost,ID,ID,QUERY,test,'SHOW VARIABLES LIKE \'character_set_client\'',0
TIME,HOSTNAME,root,localhost,ID,ID,QUERY,test,'SHOW VARIABLES LIKE \'character_set_results\'',0
TIME,HOSTNAME,root,localhost,ID,ID,QUERY,test,'SHOW VARIABLES LIKE \'collation_connection\'',0
TIME,HOSTNAME,root,localhost,ID,0,CHANGE_USER,test,`root`,0
TIME,HOSTNAME,root,localhost,ID,0,CHANGE_USER_DONE,test,,0
TIME,HOSTNAME,root,localhost,ID,ID,QUERY,test,'SHOW VARIABLES LIKE \'character_set_client\'',0
TIME,HOSTNAME,root,localhost,ID,ID,QUERY,test,'SHOW VARIABLES LIKE \'character_set_results\'',0
TIME,HOSTNAME,root,localhost,ID,ID,QUERY,test,'SHOW VARIABLES LIKE \'collation_connection\'',0
TIME,HOSTNAME,root,localhost,ID,0,CHANGE_USER,test,`root`,0
TIME,HOSTNAME,root,localhost,ID,0,CHANGE_USER_DONE,test,,0
TIME,HOSTNAME,root,localhost,ID,ID,QUERY,test,'SHOW VARIABLES LIKE \'character_set_client\'',0
TIME,HOSTNAME,root,localhost,ID,ID,QUERY,test,'SHOW VARIABLES LIKE \'character_set_results\'',0
TIME,HOSTNAME,root,localhost,ID,ID,QUERY,test,'SHOW VARIABLES LIKE \'collation_connection\'',0
TIME,HOSTNAME,root,localhost,ID,0,DISCONNECT,test,,0
TIME,HOSTNAME,root,localhost,ID,0,CONNECT,test,,0
TIME,HOSTNAME,root,localhost,ID,ID,QUERY,test,'SELECT @@session.sql_big_selects',0
TIME,HOSTNAME,root,localhost,ID,ID,QUERY,test,'SELECT @@global.max_join_size',0
TIME,HOSTNAME,root,localhost,ID,0,CHANGE_USER,test,`root`,0
TIME,HOSTNAME,root,localhost,ID,0,CHANGE_USER_DONE,test,,0
TIME,HOSTNAME,root,localhost,ID,ID,QUERY,test,'SELECT @@session.sql_big_selects',0
TIME,HOSTNAME,root,localhost,ID,ID,QUERY,test,'SET @@global.max_join_size = 10000',0
TIME,HOSTNAME,root,localhost,ID,ID,QUERY,test,'SET @@session.max_join_size = default',0
TIME,HOSTNAME,root,localhost,ID,0,CHANGE_USER,test,`root`,0
TIME,HOSTNAME,root,localhost,ID,0,CHANGE_USER_DONE,test,,0
TIME,HOSTNAME,root,localhost,ID,ID,QUERY,test,'SELECT @@session.sql_big_selects',0
TIME,HOSTNAME,root,localhost,ID,ID,QUERY,test,'SET @@global.max_join_size = cast(-1 as unsigned int)',0
TIME,HOSTNAME,root,localhost,ID,ID,QUERY,test,'SET @@session.max_join_size = default',0
TIME,HOSTNAME,root,localhost,ID,0,CHANGE_USER,test,`root`,0
TIME,HOSTNAME,root,localhost,ID,0,CHANGE_USER_DONE,test,,0
TIME,HOSTNAME,root,localhost,ID,ID,QUERY,test,'SELECT @@session.sql_big_selects',0
TIME,HOSTNAME,root,localhost,ID,ID,QUERY,test,'SET @@global.max_join_size = 18446744073709551615',0
TIME,HOSTNAME,root,localhost,ID,ID,QUERY,test,'SET @@global.max_join_size = cast(-1 as unsigned int)',0
TIME,HOSTNAME,root,localhost,ID,ID,QUERY,test,'SET @@session.max_join_size = default',0
TIME,HOSTNAME,root,localhost,ID,0,CHANGE_USER,test,`root`,0
TIME,HOSTNAME,root,localhost,ID,0,CHANGE_USER_DONE,test,,0
TIME,HOSTNAME,root,localhost,ID,ID,QUERY,test,'SELECT @@session.sql_big_selects',0
TIME,HOSTNAME,root,localhost,ID,0,DISCONNECT,test,,0
TIME,HOSTNAME,root,localhost,ID,ID,QUERY,client_test_db,'set names utf8',0
TIME,HOSTNAME,root,localhost,ID,ID,QUERY,client_test_db,'select a.',ID
TIME,HOSTNAME,root,localhost,ID,ID,QUERY,client_test_db,'describe `table',ID
TIME,HOSTNAME,root,localhost,ID,ID,QUERY,client_test_db,'set names default',0
TIME,HOSTNAME,root,localhost,ID,ID,WRITE,mysql,table_stats,
TIME,HOSTNAME,root,localhost,ID,ID,WRITE,mysql,column_stats,
TIME,HOSTNAME,root,localhost,ID,ID,WRITE,mysql,index_stats,
TIME,HOSTNAME,root,localhost,ID,ID,DROP,client_test_db,t1,
TIME,HOSTNAME,root,localhost,ID,ID,QUERY,client_test_db,'DROP TABLE IF EXISTS t1',0
TIME,HOSTNAME,root,localhost,ID,ID,QUERY,client_test_db,'DROP DATABASE IF EXISTS bug53371',0
TIME,HOSTNAME,root,localhost,ID,ID,WRITE,mysql,db,
TIME,HOSTNAME,root,localhost,ID,ID,WRITE,mysql,tables_priv,
TIME,HOSTNAME,root,localhost,ID,ID,WRITE,mysql,columns_priv,
TIME,HOSTNAME,root,localhost,ID,ID,WRITE,mysql,procs_priv,
TIME,HOSTNAME,root,localhost,ID,ID,WRITE,mysql,proxies_priv,
TIME,HOSTNAME,root,localhost,ID,ID,WRITE,mysql,roles_mapping,
TIME,HOSTNAME,root,localhost,ID,ID,WRITE,mysql,global_priv,
TIME,HOSTNAME,root,localhost,ID,ID,QUERY,client_test_db,'DROP USER \'testbug\'@localhost',ID
TIME,HOSTNAME,root,localhost,ID,ID,CREATE,client_test_db,t1,
TIME,HOSTNAME,root,localhost,ID,ID,QUERY,client_test_db,'CREATE TABLE t1 (a INT)',0
TIME,HOSTNAME,root,localhost,ID,ID,QUERY,client_test_db,'CREATE DATABASE bug53371',0
TIME,HOSTNAME,root,localhost,ID,ID,WRITE,mysql,db,
TIME,HOSTNAME,root,localhost,ID,ID,WRITE,mysql,global_priv,
TIME,HOSTNAME,root,localhost,ID,ID,QUERY,client_test_db,'GRANT SELECT ON bug53371.* to \'testbug\'@localhost',0
TIME,HOSTNAME,root,localhost,ID,0,CHANGE_USER,bug53371,`testbug`,0
TIME,HOSTNAME,testbug,localhost,ID,0,CHANGE_USER_DONE,bug53371,,0
TIME,HOSTNAME,testbug,localhost,ID,ID,QUERY,bug53371,'SHOW COLUMNS FROM client_test_db.t1',ID
TIME,HOSTNAME,testbug,localhost,ID,0,CHANGE_USER,client_test_db,`root`,0
TIME,HOSTNAME,root,localhost,ID,0,CHANGE_USER_DONE,client_test_db,,0
TIME,HOSTNAME,root,localhost,ID,ID,WRITE,mysql,table_stats,
TIME,HOSTNAME,root,localhost,ID,ID,WRITE,mysql,column_stats,
TIME,HOSTNAME,root,localhost,ID,ID,WRITE,mysql,index_stats,
TIME,HOSTNAME,root,localhost,ID,ID,DROP,client_test_db,t1,
TIME,HOSTNAME,root,localhost,ID,ID,QUERY,client_test_db,'DROP TABLE t1',0
TIME,HOSTNAME,root,localhost,ID,ID,READ,mysql,proc,
TIME,HOSTNAME,root,localhost,ID,ID,WRITE,mysql,proc,
TIME,HOSTNAME,root,localhost,ID,ID,WRITE,mysql,event,
TIME,HOSTNAME,root,localhost,ID,ID,QUERY,client_test_db,'DROP DATABASE bug53371',0
TIME,HOSTNAME,root,localhost,ID,ID,WRITE,mysql,db,
TIME,HOSTNAME,root,localhost,ID,ID,WRITE,mysql,tables_priv,
TIME,HOSTNAME,root,localhost,ID,ID,WRITE,mysql,columns_priv,
TIME,HOSTNAME,root,localhost,ID,ID,WRITE,mysql,procs_priv,
TIME,HOSTNAME,root,localhost,ID,ID,WRITE,mysql,proxies_priv,
TIME,HOSTNAME,root,localhost,ID,ID,WRITE,mysql,roles_mapping,
TIME,HOSTNAME,root,localhost,ID,ID,WRITE,mysql,global_priv,
TIME,HOSTNAME,root,localhost,ID,ID,QUERY,client_test_db,'DROP USER \'testbug\'@localhost',0
TIME,HOSTNAME,root,localhost,ID,0,CONNECT,test,,0
TIME,HOSTNAME,root,localhost,ID,ID,QUERY,test,'SELECT IS_FREE_LOCK(\'bug31418\')',0
TIME,HOSTNAME,root,localhost,ID,ID,QUERY,test,'SELECT IS_USED_LOCK(\'bug31418\')',0
TIME,HOSTNAME,root,localhost,ID,ID,QUERY,test,'SELECT GET_LOCK(\'bug31418\', 1)',0
TIME,HOSTNAME,root,localhost,ID,ID,QUERY,test,'SELECT IS_FREE_LOCK(\'bug31418\')',0
TIME,HOSTNAME,root,localhost,ID,ID,QUERY,test,'SELECT IS_USED_LOCK(\'bug31418\')',0
TIME,HOSTNAME,root,localhost,ID,0,CHANGE_USER,test,`root`,0
TIME,HOSTNAME,root,localhost,ID,0,CHANGE_USER_DONE,test,,0
TIME,HOSTNAME,root,localhost,ID,ID,QUERY,test,'SELECT IS_FREE_LOCK(\'bug31418\')',0
TIME,HOSTNAME,root,localhost,ID,ID,QUERY,test,'SELECT IS_USED_LOCK(\'bug31418\')',0
TIME,HOSTNAME,root,localhost,ID,0,DISCONNECT,test,,0
TIME,HOSTNAME,root,localhost,ID,0,CONNECT,test,,0
TIME,HOSTNAME,root,localhost,ID,ID,QUERY,test,'SELECT IS_FREE_LOCK(\'bug31418\')',0
TIME,HOSTNAME,root,localhost,ID,ID,QUERY,test,'SELECT IS_USED_LOCK(\'bug31418\')',0
TIME,HOSTNAME,root,localhost,ID,ID,QUERY,test,'SELECT GET_LOCK(\'bug31418\', 1)',0
TIME,HOSTNAME,root,localhost,ID,ID,QUERY,test,'SELECT IS_FREE_LOCK(\'bug31418\')',0
TIME,HOSTNAME,root,localhost,ID,ID,QUERY,test,'SELECT IS_USED_LOCK(\'bug31418\')',0
TIME,HOSTNAME,root,localhost,ID,0,CHANGE_USER,test,`root`,0
TIME,HOSTNAME,root,localhost,ID,0,CHANGE_USER_DONE,test,,0
TIME,HOSTNAME,root,localhost,ID,ID,QUERY,test,'SELECT IS_FREE_LOCK(\'bug31418\')',0
TIME,HOSTNAME,root,localhost,ID,ID,QUERY,test,'SELECT IS_USED_LOCK(\'bug31418\')',0
TIME,HOSTNAME,root,localhost,ID,0,DISCONNECT,test,,0
TIME,HOSTNAME,root,localhost,ID,0,CONNECT,test,,0
TIME,HOSTNAME,root,localhost,ID,ID,QUERY,test,'SELECT IS_FREE_LOCK(\'bug31418\')',0
TIME,HOSTNAME,root,localhost,ID,ID,QUERY,test,'SELECT IS_USED_LOCK(\'bug31418\')',0
TIME,HOSTNAME,root,localhost,ID,ID,QUERY,test,'SELECT GET_LOCK(\'bug31418\', 1)',0
TIME,HOSTNAME,root,localhost,ID,ID,QUERY,test,'SELECT IS_FREE_LOCK(\'bug31418\')',0
TIME,HOSTNAME,root,localhost,ID,ID,QUERY,test,'SELECT IS_USED_LOCK(\'bug31418\')',0
TIME,HOSTNAME,root,localhost,ID,0,CHANGE_USER,test,`root`,0
TIME,HOSTNAME,root,localhost,ID,0,CHANGE_USER_DONE,test,,0
TIME,HOSTNAME,root,localhost,ID,ID,QUERY,test,'SELECT IS_FREE_LOCK(\'bug31418\')',0
TIME,HOSTNAME,root,localhost,ID,ID,QUERY,test,'SELECT IS_USED_LOCK(\'bug31418\')',0
TIME,HOSTNAME,root,localhost,ID,0,DISCONNECT,test,,0
TIME,HOSTNAME,root,localhost,ID,0,CONNECT,test,,0
TIME,HOSTNAME,root,localhost,ID,ID,QUERY,test,'SET autocommit=1',0
TIME,HOSTNAME,root,localhost,ID,ID,QUERY,test,'CREATE DATABASE IF NOT EXISTS client_test_db',0
TIME,HOSTNAME,root,localhost,ID,ID,QUERY,client_test_db,'USE client_test_db',0
TIME,HOSTNAME,root,localhost,ID,ID,QUERY,client_test_db,'SELECT (support = \'YES\' or support = \'DEFAULT\' or support = \'ENABLED\') AS `TRUE` FROM information_schema.engines WHERE engine = \'innodb\'',0
TIME,HOSTNAME,root,localhost,ID,0,CHANGE_USER,,``,ID
TIME,HOSTNAME,root,localhost,ID,0,CHANGE_USER,,``,ID
TIME,HOSTNAME,root,localhost,ID,0,DISCONNECT,client_test_db,,0
TIME,HOSTNAME,root,localhost,ID,0,CONNECT,test,,0
TIME,HOSTNAME,root,localhost,ID,ID,QUERY,test,'SET autocommit=1',0
TIME,HOSTNAME,root,localhost,ID,ID,QUERY,test,'CREATE DATABASE IF NOT EXISTS client_test_db',0
TIME,HOSTNAME,root,localhost,ID,ID,QUERY,client_test_db,'USE client_test_db',0
TIME,HOSTNAME,root,localhost,ID,ID,QUERY,client_test_db,'SELECT (support = \'YES\' or support = \'DEFAULT\' or support = \'ENABLED\') AS `TRUE` FROM information_schema.engines WHERE engine = \'innodb\'',0
TIME,HOSTNAME,root,localhost,ID,0,CHANGE_USER,,`aaaaaaaaaaaaaaaaaaaaaaaaaaaaaaaaaaaaaaaaaaaaaaaaaaaaaaaaaaaaaaaaaaaaaaaaaaaaaaaaaaaaaaaaaaaaaaaaaa,ID
TIME,HOSTNAME,root,localhost,ID,0,CHANGE_USER,client_test_db,`root`,0
TIME,HOSTNAME,root,localhost,ID,0,CHANGE_USER_DONE,client_test_db,,0
TIME,HOSTNAME,root,localhost,ID,ID,QUERY,client_test_db,'CREATE DATABASE IF NOT EXISTS aaaaaaaaaaaaaaaaaaaaaaaaaaaaaaaaaaaaaaaaaaaaaaaaaaaaaaaaaaaaaaaa',0
TIME,HOSTNAME,root,localhost,ID,ID,WRITE,mysql,db,
TIME,HOSTNAME,root,localhost,ID,ID,WRITE,mysql,global_priv,
TIME,HOSTNAME,root,localhost,ID,ID,QUERY,client_test_db,'GRANT ALL PRIVILEGES ON *.* TO \'bbbbbbbbbbbbbbbb\'@\'%\' IDENTIFIED BY ***** WITH GRANT OPTION
