SET @r := 'TWFyaWFEQg==';
SELECT sys.UTL_ENCODE.BASE64_DECODE(@r);
sys.UTL_ENCODE.BASE64_DECODE(@r)
MariaDB
SELECT sys.UTL_ENCODE.BASE64_DECODE('TWFyaWFEQg==');
sys.UTL_ENCODE.BASE64_DECODE('TWFyaWFEQg==')
MariaDB
